doi_suffix,file_path,pred_human,pred_non-human,pred_0.5,pred
ajpheart.1999.276.3.h844,/Users/antonhesse/Desktop/Anton/Education/UMN/Lab and Research/HSPL/CPET_scoping_review/data/cpet_articles/full_texts/txts/ajpheart.1999.276.3.h844.txt,0.42,0.58,0.08000000000000002,non-human
s00360-016-1027-8,/Users/antonhesse/Desktop/Anton/Education/UMN/Lab and Research/HSPL/CPET_scoping_review/data/cpet_articles/full_texts/txts/s00360-016-1027-8.txt,0.09,0.91,0.41000000000000003,non-human
ajpregu.1992.262.5.r852,/Users/antonhesse/Desktop/Anton/Education/UMN/Lab and Research/HSPL/CPET_scoping_review/data/cpet_articles/full_texts/txts/ajpregu.1992.262.5.r852.txt,0.31,0.69,0.19,non-human
s00360-021-01401-w,/Users/antonhesse/Desktop/Anton/Education/UMN/Lab and Research/HSPL/CPET_scoping_review/data/cpet_articles/full_texts/txts/s00360-021-01401-w.txt,0.36,0.64,0.14,non-human
j.scitotenv.2020.140334,/Users/antonhesse/Desktop/Anton/Education/UMN/Lab and Research/HSPL/CPET_scoping_review/data/cpet_articles/full_texts/txts/j.scitotenv.2020.140334.txt,0.15,0.85,0.35,non-human
s11356-022-18695-0,/Users/antonhesse/Desktop/Anton/Education/UMN/Lab and Research/HSPL/CPET_scoping_review/data/cpet_articles/full_texts/txts/s11356-022-18695-0.txt,0.29,0.71,0.21000000000000002,non-human
jb.00801-09,/Users/antonhesse/Desktop/Anton/Education/UMN/Lab and Research/HSPL/CPET_scoping_review/data/cpet_articles/full_texts/txts/jb.00801-09.txt,0.32,0.68,0.18,non-human
jeb.079087,/Users/antonhesse/Desktop/Anton/Education/UMN/Lab and Research/HSPL/CPET_scoping_review/data/cpet_articles/full_texts/txts/jeb.079087.txt,0.24,0.76,0.26,non-human
jbc.m207229200,/Users/antonhesse/Desktop/Anton/Education/UMN/Lab and Research/HSPL/CPET_scoping_review/data/cpet_articles/full_texts/txts/jbc.m207229200.txt,0.5,0.5,0.0,non-human
s0167-2738_._98_._00383-x,/Users/antonhesse/Desktop/Anton/Education/UMN/Lab and Research/HSPL/CPET_scoping_review/data/cpet_articles/full_texts/txts/s0167-2738_._98_._00383-x.txt,0.45,0.55,0.04999999999999999,non-human
s0006-3495_._87_._83373-8,/Users/antonhesse/Desktop/Anton/Education/UMN/Lab and Research/HSPL/CPET_scoping_review/data/cpet_articles/full_texts/txts/s0006-3495_._87_._83373-8.txt,0.46,0.54,0.03999999999999998,non-human
mf20363,/Users/antonhesse/Desktop/Anton/Education/UMN/Lab and Research/HSPL/CPET_scoping_review/data/cpet_articles/full_texts/txts/mf20363.txt,0.2,0.8,0.3,non-human
jbc.m406217200,/Users/antonhesse/Desktop/Anton/Education/UMN/Lab and Research/HSPL/CPET_scoping_review/data/cpet_articles/full_texts/txts/jbc.m406217200.txt,0.42,0.58,0.08000000000000002,non-human
icb_._icx012,/Users/antonhesse/Desktop/Anton/Education/UMN/Lab and Research/HSPL/CPET_scoping_review/data/cpet_articles/full_texts/txts/icb_._icx012.txt,0.18,0.82,0.32,non-human
ajpregu.1992.262.5.r771,/Users/antonhesse/Desktop/Anton/Education/UMN/Lab and Research/HSPL/CPET_scoping_review/data/cpet_articles/full_texts/txts/ajpregu.1992.262.5.r771.txt,0.4,0.6,0.09999999999999998,non-human
0300-9629_._94_._90255-0,/Users/antonhesse/Desktop/Anton/Education/UMN/Lab and Research/HSPL/CPET_scoping_review/data/cpet_articles/full_texts/txts/0300-9629_._94_._90255-0.txt,0.3,0.7,0.2,non-human
0031-9384_._93_._90324-9,/Users/antonhesse/Desktop/Anton/Education/UMN/Lab and Research/HSPL/CPET_scoping_review/data/cpet_articles/full_texts/txts/0031-9384_._93_._90324-9.txt,0.47,0.53,0.030000000000000027,non-human
s0034-5687_._97_._84031-5,/Users/antonhesse/Desktop/Anton/Education/UMN/Lab and Research/HSPL/CPET_scoping_review/data/cpet_articles/full_texts/txts/s0034-5687_._97_._84031-5.txt,0.4,0.6,0.09999999999999998,non-human
0006-291x_._80_._90548-3,/Users/antonhesse/Desktop/Anton/Education/UMN/Lab and Research/HSPL/CPET_scoping_review/data/cpet_articles/full_texts/txts/0006-291x_._80_._90548-3.txt,0.42,0.58,0.08000000000000002,non-human
jeb.121822,/Users/antonhesse/Desktop/Anton/Education/UMN/Lab and Research/HSPL/CPET_scoping_review/data/cpet_articles/full_texts/txts/jeb.121822.txt,0.34,0.66,0.15999999999999998,non-human
ajprenal.1992.263.3.f482,/Users/antonhesse/Desktop/Anton/Education/UMN/Lab and Research/HSPL/CPET_scoping_review/data/cpet_articles/full_texts/txts/ajprenal.1992.263.3.f482.txt,0.48,0.52,0.020000000000000018,non-human
fphys.2019.01328,/Users/antonhesse/Desktop/Anton/Education/UMN/Lab and Research/HSPL/CPET_scoping_review/data/cpet_articles/full_texts/txts/fphys.2019.01328.txt,0.5,0.5,0.0,non-human
jneurosci.4712-14.2015,/Users/antonhesse/Desktop/Anton/Education/UMN/Lab and Research/HSPL/CPET_scoping_review/data/cpet_articles/full_texts/txts/jneurosci.4712-14.2015.txt,0.33,0.67,0.16999999999999998,non-human
ajpregu.1995.269.5.r1258,/Users/antonhesse/Desktop/Anton/Education/UMN/Lab and Research/HSPL/CPET_scoping_review/data/cpet_articles/full_texts/txts/ajpregu.1995.269.5.r1258.txt,0.31,0.69,0.19,non-human
jds.s0022-0302_._05_._72712-0,/Users/antonhesse/Desktop/Anton/Education/UMN/Lab and Research/HSPL/CPET_scoping_review/data/cpet_articles/full_texts/txts/jds.s0022-0302_._05_._72712-0.txt,0.34,0.66,0.15999999999999998,non-human
jbc.m115.636878,/Users/antonhesse/Desktop/Anton/Education/UMN/Lab and Research/HSPL/CPET_scoping_review/data/cpet_articles/full_texts/txts/jbc.m115.636878.txt,0.44,0.56,0.06,non-human
s0103-50532011000400008,/Users/antonhesse/Desktop/Anton/Education/UMN/Lab and Research/HSPL/CPET_scoping_review/data/cpet_articles/full_texts/txts/s0103-50532011000400008.txt,0.42,0.58,0.08000000000000002,non-human
s00360-008-0337-x,/Users/antonhesse/Desktop/Anton/Education/UMN/Lab and Research/HSPL/CPET_scoping_review/data/cpet_articles/full_texts/txts/s00360-008-0337-x.txt,0.24,0.76,0.26,non-human
s0034-5687_._99_._00084-5,/Users/antonhesse/Desktop/Anton/Education/UMN/Lab and Research/HSPL/CPET_scoping_review/data/cpet_articles/full_texts/txts/s0034-5687_._99_._00084-5.txt,0.32,0.68,0.18,non-human
jbc.m706540200,/Users/antonhesse/Desktop/Anton/Education/UMN/Lab and Research/HSPL/CPET_scoping_review/data/cpet_articles/full_texts/txts/jbc.m706540200.txt,0.4,0.6,0.09999999999999998,non-human
s2070205119010167,/Users/antonhesse/Desktop/Anton/Education/UMN/Lab and Research/HSPL/CPET_scoping_review/data/cpet_articles/full_texts/txts/s2070205119010167.txt,0.42,0.58,0.08000000000000002,non-human
s0166-445x_._03_._00028-6,/Users/antonhesse/Desktop/Anton/Education/UMN/Lab and Research/HSPL/CPET_scoping_review/data/cpet_articles/full_texts/txts/s0166-445x_._03_._00028-6.txt,0.17,0.83,0.32999999999999996,non-human
bf02179829,/Users/antonhesse/Desktop/Anton/Education/UMN/Lab and Research/HSPL/CPET_scoping_review/data/cpet_articles/full_texts/txts/bf02179829.txt,0.23,0.77,0.27,non-human
jneurosci.0445-07.2007,/Users/antonhesse/Desktop/Anton/Education/UMN/Lab and Research/HSPL/CPET_scoping_review/data/cpet_articles/full_texts/txts/jneurosci.0445-07.2007.txt,0.49,0.51,0.010000000000000009,non-human
jbc.m806744200,/Users/antonhesse/Desktop/Anton/Education/UMN/Lab and Research/HSPL/CPET_scoping_review/data/cpet_articles/full_texts/txts/jbc.m806744200.txt,0.32,0.68,0.18,non-human
jeb.02440,/Users/antonhesse/Desktop/Anton/Education/UMN/Lab and Research/HSPL/CPET_scoping_review/data/cpet_articles/full_texts/txts/jeb.02440.txt,0.12,0.88,0.38,non-human
498187,/Users/antonhesse/Desktop/Anton/Education/UMN/Lab and Research/HSPL/CPET_scoping_review/data/cpet_articles/full_texts/txts/498187.txt,0.3,0.7,0.2,non-human
s0378-3820_._02_._00098-x,/Users/antonhesse/Desktop/Anton/Education/UMN/Lab and Research/HSPL/CPET_scoping_review/data/cpet_articles/full_texts/txts/s0378-3820_._02_._00098-x.txt,0.31,0.69,0.19,non-human
dao02056,/Users/antonhesse/Desktop/Anton/Education/UMN/Lab and Research/HSPL/CPET_scoping_review/data/cpet_articles/full_texts/txts/dao02056.txt,0.23,0.77,0.27,non-human
rstb.2007.2111,/Users/antonhesse/Desktop/Anton/Education/UMN/Lab and Research/HSPL/CPET_scoping_review/data/cpet_articles/full_texts/txts/rstb.2007.2111.txt,0.12,0.88,0.38,non-human
jeb.028886,/Users/antonhesse/Desktop/Anton/Education/UMN/Lab and Research/HSPL/CPET_scoping_review/data/cpet_articles/full_texts/txts/jeb.028886.txt,0.4,0.6,0.09999999999999998,non-human
s1519-69842010000200013,/Users/antonhesse/Desktop/Anton/Education/UMN/Lab and Research/HSPL/CPET_scoping_review/data/cpet_articles/full_texts/txts/s1519-69842010000200013.txt,0.3,0.7,0.2,non-human
jbc.m609802200,/Users/antonhesse/Desktop/Anton/Education/UMN/Lab and Research/HSPL/CPET_scoping_review/data/cpet_articles/full_texts/txts/jbc.m609802200.txt,0.45,0.55,0.04999999999999999,non-human
jbc.m116.728188,/Users/antonhesse/Desktop/Anton/Education/UMN/Lab and Research/HSPL/CPET_scoping_review/data/cpet_articles/full_texts/txts/jbc.m116.728188.txt,0.31,0.69,0.19,non-human
jeb.071951,/Users/antonhesse/Desktop/Anton/Education/UMN/Lab and Research/HSPL/CPET_scoping_review/data/cpet_articles/full_texts/txts/jeb.071951.txt,0.17,0.83,0.32999999999999996,non-human
jez.2322,/Users/antonhesse/Desktop/Anton/Education/UMN/Lab and Research/HSPL/CPET_scoping_review/data/cpet_articles/full_texts/txts/jez.2322.txt,0.18,0.82,0.32,non-human
jbc.m209702200,/Users/antonhesse/Desktop/Anton/Education/UMN/Lab and Research/HSPL/CPET_scoping_review/data/cpet_articles/full_texts/txts/jbc.m209702200.txt,0.34,0.66,0.15999999999999998,non-human
s00421-004-1281-4,/Users/antonhesse/Desktop/Anton/Education/UMN/Lab and Research/HSPL/CPET_scoping_review/data/cpet_articles/full_texts/txts/s00421-004-1281-4.txt,0.49,0.51,0.010000000000000009,non-human
ajpcell.1998.274.4.c1174,/Users/antonhesse/Desktop/Anton/Education/UMN/Lab and Research/HSPL/CPET_scoping_review/data/cpet_articles/full_texts/txts/ajpcell.1998.274.4.c1174.txt,0.42,0.58,0.08000000000000002,non-human
s00360-007-0251-7,/Users/antonhesse/Desktop/Anton/Education/UMN/Lab and Research/HSPL/CPET_scoping_review/data/cpet_articles/full_texts/txts/s00360-007-0251-7.txt,0.48,0.52,0.020000000000000018,non-human
01.res.84.10.1203,/Users/antonhesse/Desktop/Anton/Education/UMN/Lab and Research/HSPL/CPET_scoping_review/data/cpet_articles/full_texts/txts/01.res.84.10.1203.txt,0.38,0.62,0.12,non-human
0891-5849_._95_._00027-u,/Users/antonhesse/Desktop/Anton/Education/UMN/Lab and Research/HSPL/CPET_scoping_review/data/cpet_articles/full_texts/txts/0891-5849_._95_._00027-u.txt,0.27,0.73,0.22999999999999998,non-human
0967-0637_._93_._90067-d,/Users/antonhesse/Desktop/Anton/Education/UMN/Lab and Research/HSPL/CPET_scoping_review/data/cpet_articles/full_texts/txts/0967-0637_._93_._90067-d.txt,0.32,0.68,0.18,non-human
j.1365-201x.1998.0303f.x,/Users/antonhesse/Desktop/Anton/Education/UMN/Lab and Research/HSPL/CPET_scoping_review/data/cpet_articles/full_texts/txts/j.1365-201x.1998.0303f.x.txt,0.47,0.53,0.030000000000000027,non-human
s0006-8993_._98_._00064-x,/Users/antonhesse/Desktop/Anton/Education/UMN/Lab and Research/HSPL/CPET_scoping_review/data/cpet_articles/full_texts/txts/s0006-8993_._98_._00064-x.txt,0.29,0.71,0.21000000000000002,non-human
s0006-8993_._99_._01279-2,/Users/antonhesse/Desktop/Anton/Education/UMN/Lab and Research/HSPL/CPET_scoping_review/data/cpet_articles/full_texts/txts/s0006-8993_._99_._01279-2.txt,0.28,0.72,0.21999999999999997,non-human
fphys.2015.00256,/Users/antonhesse/Desktop/Anton/Education/UMN/Lab and Research/HSPL/CPET_scoping_review/data/cpet_articles/full_texts/txts/fphys.2015.00256.txt,0.07,0.93,0.43,non-human
91gb02718,/Users/antonhesse/Desktop/Anton/Education/UMN/Lab and Research/HSPL/CPET_scoping_review/data/cpet_articles/full_texts/txts/91gb02718.txt,0.26,0.74,0.24,non-human
fphys.2017.01070,/Users/antonhesse/Desktop/Anton/Education/UMN/Lab and Research/HSPL/CPET_scoping_review/data/cpet_articles/full_texts/txts/fphys.2017.01070.txt,0.36,0.64,0.14,non-human
jeb.151019,/Users/antonhesse/Desktop/Anton/Education/UMN/Lab and Research/HSPL/CPET_scoping_review/data/cpet_articles/full_texts/txts/jeb.151019.txt,0.16,0.84,0.33999999999999997,non-human
j.1095-8649.2011.03182.x,/Users/antonhesse/Desktop/Anton/Education/UMN/Lab and Research/HSPL/CPET_scoping_review/data/cpet_articles/full_texts/txts/j.1095-8649.2011.03182.x.txt,0.11,0.89,0.39,non-human
s0891-5849_._98_._00318-9,/Users/antonhesse/Desktop/Anton/Education/UMN/Lab and Research/HSPL/CPET_scoping_review/data/cpet_articles/full_texts/txts/s0891-5849_._98_._00318-9.txt,0.3,0.7,0.2,non-human
jbc.m111.292029,/Users/antonhesse/Desktop/Anton/Education/UMN/Lab and Research/HSPL/CPET_scoping_review/data/cpet_articles/full_texts/txts/jbc.m111.292029.txt,0.34,0.66,0.15999999999999998,non-human
j.fishres.2021.106084,/Users/antonhesse/Desktop/Anton/Education/UMN/Lab and Research/HSPL/CPET_scoping_review/data/cpet_articles/full_texts/txts/j.fishres.2021.106084.txt,0.24,0.76,0.26,non-human
journal.pone.0094015,/Users/antonhesse/Desktop/Anton/Education/UMN/Lab and Research/HSPL/CPET_scoping_review/data/cpet_articles/full_texts/txts/journal.pone.0094015.txt,0.42,0.58,0.08000000000000002,non-human
s0380-1330_._04_._70381-0,/Users/antonhesse/Desktop/Anton/Education/UMN/Lab and Research/HSPL/CPET_scoping_review/data/cpet_articles/full_texts/txts/s0380-1330_._04_._70381-0.txt,0.23,0.77,0.27,non-human
aem.01970-13,/Users/antonhesse/Desktop/Anton/Education/UMN/Lab and Research/HSPL/CPET_scoping_review/data/cpet_articles/full_texts/txts/aem.01970-13.txt,0.21,0.79,0.29000000000000004,non-human
2018jg004701,/Users/antonhesse/Desktop/Anton/Education/UMN/Lab and Research/HSPL/CPET_scoping_review/data/cpet_articles/full_texts/txts/2018jg004701.txt,0.19,0.81,0.31,non-human
fmars.2014.00076,/Users/antonhesse/Desktop/Anton/Education/UMN/Lab and Research/HSPL/CPET_scoping_review/data/cpet_articles/full_texts/txts/fmars.2014.00076.txt,0.1,0.9,0.4,non-human
699219,/Users/antonhesse/Desktop/Anton/Education/UMN/Lab and Research/HSPL/CPET_scoping_review/data/cpet_articles/full_texts/txts/699219.txt,0.27,0.73,0.22999999999999998,non-human
jeb.243121,/Users/antonhesse/Desktop/Anton/Education/UMN/Lab and Research/HSPL/CPET_scoping_review/data/cpet_articles/full_texts/txts/jeb.243121.txt,0.43,0.57,0.07,non-human
316666,/Users/antonhesse/Desktop/Anton/Education/UMN/Lab and Research/HSPL/CPET_scoping_review/data/cpet_articles/full_texts/txts/316666.txt,0.24,0.76,0.26,non-human
journal.pone.0173675,/Users/antonhesse/Desktop/Anton/Education/UMN/Lab and Research/HSPL/CPET_scoping_review/data/cpet_articles/full_texts/txts/journal.pone.0173675.txt,0.49,0.51,0.010000000000000009,non-human
bf03179113,/Users/antonhesse/Desktop/Anton/Education/UMN/Lab and Research/HSPL/CPET_scoping_review/data/cpet_articles/full_texts/txts/bf03179113.txt,0.22,0.78,0.28,non-human
jbc.m110.112094,/Users/antonhesse/Desktop/Anton/Education/UMN/Lab and Research/HSPL/CPET_scoping_review/data/cpet_articles/full_texts/txts/jbc.m110.112094.txt,0.35,0.65,0.15000000000000002,non-human
meps10528,/Users/antonhesse/Desktop/Anton/Education/UMN/Lab and Research/HSPL/CPET_scoping_review/data/cpet_articles/full_texts/txts/meps10528.txt,0.1,0.9,0.4,non-human
s1001-0742_._12_._60219-8,/Users/antonhesse/Desktop/Anton/Education/UMN/Lab and Research/HSPL/CPET_scoping_review/data/cpet_articles/full_texts/txts/s1001-0742_._12_._60219-8.txt,0.16,0.84,0.33999999999999997,non-human
s0304-3800_._99_._00206-9,/Users/antonhesse/Desktop/Anton/Education/UMN/Lab and Research/HSPL/CPET_scoping_review/data/cpet_articles/full_texts/txts/s0304-3800_._99_._00206-9.txt,0.19,0.81,0.31,non-human
s0304-3894_._03_._00147-x,/Users/antonhesse/Desktop/Anton/Education/UMN/Lab and Research/HSPL/CPET_scoping_review/data/cpet_articles/full_texts/txts/s0304-3894_._03_._00147-x.txt,0.49,0.51,0.010000000000000009,non-human
rspb.2015.0025,/Users/antonhesse/Desktop/Anton/Education/UMN/Lab and Research/HSPL/CPET_scoping_review/data/cpet_articles/full_texts/txts/rspb.2015.0025.txt,0.39,0.61,0.10999999999999999,non-human
s0032-9592_._02_._00044-4,/Users/antonhesse/Desktop/Anton/Education/UMN/Lab and Research/HSPL/CPET_scoping_review/data/cpet_articles/full_texts/txts/s0032-9592_._02_._00044-4.txt,0.43,0.57,0.07,non-human
jphysiol.2005.082974,/Users/antonhesse/Desktop/Anton/Education/UMN/Lab and Research/HSPL/CPET_scoping_review/data/cpet_articles/full_texts/txts/jphysiol.2005.082974.txt,0.43,0.57,0.07,non-human
0006-2952_._95_._02168-x,/Users/antonhesse/Desktop/Anton/Education/UMN/Lab and Research/HSPL/CPET_scoping_review/data/cpet_articles/full_texts/txts/0006-2952_._95_._02168-x.txt,0.38,0.62,0.12,non-human
s0020-1693_._00_._00379-0,/Users/antonhesse/Desktop/Anton/Education/UMN/Lab and Research/HSPL/CPET_scoping_review/data/cpet_articles/full_texts/txts/s0020-1693_._00_._00379-0.txt,0.42,0.58,0.08000000000000002,non-human
s00424-017-1966-2,/Users/antonhesse/Desktop/Anton/Education/UMN/Lab and Research/HSPL/CPET_scoping_review/data/cpet_articles/full_texts/txts/s00424-017-1966-2.txt,0.48,0.52,0.020000000000000018,non-human
s0306-4565_._00_._00023-1,/Users/antonhesse/Desktop/Anton/Education/UMN/Lab and Research/HSPL/CPET_scoping_review/data/cpet_articles/full_texts/txts/s0306-4565_._00_._00023-1.txt,0.38,0.62,0.12,non-human
aem.02532-06,/Users/antonhesse/Desktop/Anton/Education/UMN/Lab and Research/HSPL/CPET_scoping_review/data/cpet_articles/full_texts/txts/aem.02532-06.txt,0.34,0.66,0.15999999999999998,non-human
s0031-9422_._98_._00540-8,/Users/antonhesse/Desktop/Anton/Education/UMN/Lab and Research/HSPL/CPET_scoping_review/data/cpet_articles/full_texts/txts/s0031-9422_._98_._00540-8.txt,0.36,0.64,0.14,non-human
s0306-4565_._99_._00031-5,/Users/antonhesse/Desktop/Anton/Education/UMN/Lab and Research/HSPL/CPET_scoping_review/data/cpet_articles/full_texts/txts/s0306-4565_._99_._00031-5.txt,0.36,0.64,0.14,non-human
s0031-9384_._00_._00311-5,/Users/antonhesse/Desktop/Anton/Education/UMN/Lab and Research/HSPL/CPET_scoping_review/data/cpet_articles/full_texts/txts/s0031-9384_._00_._00311-5.txt,0.37,0.63,0.13,non-human
648434,/Users/antonhesse/Desktop/Anton/Education/UMN/Lab and Research/HSPL/CPET_scoping_review/data/cpet_articles/full_texts/txts/648434.txt,0.48,0.52,0.020000000000000018,non-human
physrevb.91.134105,/Users/antonhesse/Desktop/Anton/Education/UMN/Lab and Research/HSPL/CPET_scoping_review/data/cpet_articles/full_texts/txts/physrevb.91.134105.txt,0.49,0.51,0.010000000000000009,non-human
elife.51845,/Users/antonhesse/Desktop/Anton/Education/UMN/Lab and Research/HSPL/CPET_scoping_review/data/cpet_articles/full_texts/txts/elife.51845.txt,0.4,0.6,0.09999999999999998,non-human
msystems.00218-18,/Users/antonhesse/Desktop/Anton/Education/UMN/Lab and Research/HSPL/CPET_scoping_review/data/cpet_articles/full_texts/txts/msystems.00218-18.txt,0.34,0.66,0.15999999999999998,non-human
jcs.00277,/Users/antonhesse/Desktop/Anton/Education/UMN/Lab and Research/HSPL/CPET_scoping_review/data/cpet_articles/full_texts/txts/jcs.00277.txt,0.24,0.76,0.26,non-human
ajpheart.1999.276.1.h149,/Users/antonhesse/Desktop/Anton/Education/UMN/Lab and Research/HSPL/CPET_scoping_review/data/cpet_articles/full_texts/txts/ajpheart.1999.276.1.h149.txt,0.48,0.52,0.020000000000000018,non-human
341815,/Users/antonhesse/Desktop/Anton/Education/UMN/Lab and Research/HSPL/CPET_scoping_review/data/cpet_articles/full_texts/txts/341815.txt,0.25,0.75,0.25,non-human
jeb.071522,/Users/antonhesse/Desktop/Anton/Education/UMN/Lab and Research/HSPL/CPET_scoping_review/data/cpet_articles/full_texts/txts/jeb.071522.txt,0.4,0.6,0.09999999999999998,non-human
s00360-010-0470-1,/Users/antonhesse/Desktop/Anton/Education/UMN/Lab and Research/HSPL/CPET_scoping_review/data/cpet_articles/full_texts/txts/s00360-010-0470-1.txt,0.3,0.7,0.2,non-human
jbc.m807992200,/Users/antonhesse/Desktop/Anton/Education/UMN/Lab and Research/HSPL/CPET_scoping_review/data/cpet_articles/full_texts/txts/jbc.m807992200.txt,0.45,0.55,0.04999999999999999,non-human
1535-7163.mct-09-1098,/Users/antonhesse/Desktop/Anton/Education/UMN/Lab and Research/HSPL/CPET_scoping_review/data/cpet_articles/full_texts/txts/1535-7163.mct-09-1098.txt,0.4,0.6,0.09999999999999998,non-human
ajpendo.00403.2009,/Users/antonhesse/Desktop/Anton/Education/UMN/Lab and Research/HSPL/CPET_scoping_review/data/cpet_articles/full_texts/txts/ajpendo.00403.2009.txt,0.49,0.51,0.010000000000000009,non-human
1999gb001157,/Users/antonhesse/Desktop/Anton/Education/UMN/Lab and Research/HSPL/CPET_scoping_review/data/cpet_articles/full_texts/txts/1999gb001157.txt,0.17,0.83,0.32999999999999996,non-human
s0167-2738_._03_._00099-7,/Users/antonhesse/Desktop/Anton/Education/UMN/Lab and Research/HSPL/CPET_scoping_review/data/cpet_articles/full_texts/txts/s0167-2738_._03_._00099-7.txt,0.41,0.59,0.09000000000000002,non-human
s0162-0134_._97_._81615-7,/Users/antonhesse/Desktop/Anton/Education/UMN/Lab and Research/HSPL/CPET_scoping_review/data/cpet_articles/full_texts/txts/s0162-0134_._97_._81615-7.txt,0.34,0.66,0.15999999999999998,non-human
s0103-50532007000600021,/Users/antonhesse/Desktop/Anton/Education/UMN/Lab and Research/HSPL/CPET_scoping_review/data/cpet_articles/full_texts/txts/s0103-50532007000600021.txt,0.41,0.59,0.09000000000000002,non-human
ajpendo.1998.274.4.e726,/Users/antonhesse/Desktop/Anton/Education/UMN/Lab and Research/HSPL/CPET_scoping_review/data/cpet_articles/full_texts/txts/ajpendo.1998.274.4.e726.txt,0.38,0.62,0.12,non-human
bf00776590,/Users/antonhesse/Desktop/Anton/Education/UMN/Lab and Research/HSPL/CPET_scoping_review/data/cpet_articles/full_texts/txts/bf00776590.txt,0.47,0.53,0.030000000000000027,non-human
0278-4343_._92_._90085-x,/Users/antonhesse/Desktop/Anton/Education/UMN/Lab and Research/HSPL/CPET_scoping_review/data/cpet_articles/full_texts/txts/0278-4343_._92_._90085-x.txt,0.22,0.78,0.28,non-human
s1546-5098_._07_._26007-8,/Users/antonhesse/Desktop/Anton/Education/UMN/Lab and Research/HSPL/CPET_scoping_review/data/cpet_articles/full_texts/txts/s1546-5098_._07_._26007-8.txt,0.14,0.86,0.36,non-human
jeb.029074,/Users/antonhesse/Desktop/Anton/Education/UMN/Lab and Research/HSPL/CPET_scoping_review/data/cpet_articles/full_texts/txts/jeb.029074.txt,0.5,0.5,0.0,non-human
s0014-2999_._01_._01216-x,/Users/antonhesse/Desktop/Anton/Education/UMN/Lab and Research/HSPL/CPET_scoping_review/data/cpet_articles/full_texts/txts/s0014-2999_._01_._01216-x.txt,0.45,0.55,0.04999999999999999,non-human
s0040-6031_._97_._00423-1,/Users/antonhesse/Desktop/Anton/Education/UMN/Lab and Research/HSPL/CPET_scoping_review/data/cpet_articles/full_texts/txts/s0040-6031_._97_._00423-1.txt,0.34,0.66,0.15999999999999998,non-human
bf00423282,/Users/antonhesse/Desktop/Anton/Education/UMN/Lab and Research/HSPL/CPET_scoping_review/data/cpet_articles/full_texts/txts/bf00423282.txt,0.45,0.55,0.04999999999999999,non-human
685435,/Users/antonhesse/Desktop/Anton/Education/UMN/Lab and Research/HSPL/CPET_scoping_review/data/cpet_articles/full_texts/txts/685435.txt,0.38,0.62,0.12,non-human
s11010-005-9101-7,/Users/antonhesse/Desktop/Anton/Education/UMN/Lab and Research/HSPL/CPET_scoping_review/data/cpet_articles/full_texts/txts/s11010-005-9101-7.txt,0.45,0.55,0.04999999999999999,non-human
s00424-011-1032-4,/Users/antonhesse/Desktop/Anton/Education/UMN/Lab and Research/HSPL/CPET_scoping_review/data/cpet_articles/full_texts/txts/s00424-011-1032-4.txt,0.48,0.52,0.020000000000000018,non-human
ajpheart.1997.273.4.h1949,/Users/antonhesse/Desktop/Anton/Education/UMN/Lab and Research/HSPL/CPET_scoping_review/data/cpet_articles/full_texts/txts/ajpheart.1997.273.4.h1949.txt,0.48,0.52,0.020000000000000018,non-human
ajpregu.1994.266.3.r749,/Users/antonhesse/Desktop/Anton/Education/UMN/Lab and Research/HSPL/CPET_scoping_review/data/cpet_articles/full_texts/txts/ajpregu.1994.266.3.r749.txt,0.44,0.56,0.06,non-human
fphys.2021.658997,/Users/antonhesse/Desktop/Anton/Education/UMN/Lab and Research/HSPL/CPET_scoping_review/data/cpet_articles/full_texts/txts/fphys.2021.658997.txt,0.47,0.53,0.030000000000000027,non-human
cs20100254,/Users/antonhesse/Desktop/Anton/Education/UMN/Lab and Research/HSPL/CPET_scoping_review/data/cpet_articles/full_texts/txts/cs20100254.txt,0.42,0.58,0.08000000000000002,non-human
jbc.m115.651257,/Users/antonhesse/Desktop/Anton/Education/UMN/Lab and Research/HSPL/CPET_scoping_review/data/cpet_articles/full_texts/txts/jbc.m115.651257.txt,0.41,0.59,0.09000000000000002,non-human
jbc.m611817200,/Users/antonhesse/Desktop/Anton/Education/UMN/Lab and Research/HSPL/CPET_scoping_review/data/cpet_articles/full_texts/txts/jbc.m611817200.txt,0.35,0.65,0.15000000000000002,non-human
s0014-2999_._01_._01291-2,/Users/antonhesse/Desktop/Anton/Education/UMN/Lab and Research/HSPL/CPET_scoping_review/data/cpet_articles/full_texts/txts/s0014-2999_._01_._01291-2.txt,0.34,0.66,0.15999999999999998,non-human
jci109241,/Users/antonhesse/Desktop/Anton/Education/UMN/Lab and Research/HSPL/CPET_scoping_review/data/cpet_articles/full_texts/txts/jci109241.txt,0.49,0.51,0.010000000000000009,non-human
ajpregu.00209.2020,/Users/antonhesse/Desktop/Anton/Education/UMN/Lab and Research/HSPL/CPET_scoping_review/data/cpet_articles/full_texts/txts/ajpregu.00209.2020.txt,0.37,0.63,0.13,non-human
1548-8659_._2001_._130_._0783_._crtvfe_._2.0.co_._2,/Users/antonhesse/Desktop/Anton/Education/UMN/Lab and Research/HSPL/CPET_scoping_review/data/cpet_articles/full_texts/txts/1548-8659_._2001_._130_._0783_._crtvfe_._2.0.co_._2.txt,0.19,0.81,0.31,non-human
s0006-2952_._97_._00575-3,/Users/antonhesse/Desktop/Anton/Education/UMN/Lab and Research/HSPL/CPET_scoping_review/data/cpet_articles/full_texts/txts/s0006-2952_._97_._00575-3.txt,0.39,0.61,0.10999999999999999,non-human
bf00938457,/Users/antonhesse/Desktop/Anton/Education/UMN/Lab and Research/HSPL/CPET_scoping_review/data/cpet_articles/full_texts/txts/bf00938457.txt,0.3,0.7,0.2,non-human
376430,/Users/antonhesse/Desktop/Anton/Education/UMN/Lab and Research/HSPL/CPET_scoping_review/data/cpet_articles/full_texts/txts/376430.txt,0.32,0.68,0.18,non-human
mbio.00500-17,/Users/antonhesse/Desktop/Anton/Education/UMN/Lab and Research/HSPL/CPET_scoping_review/data/cpet_articles/full_texts/txts/mbio.00500-17.txt,0.45,0.55,0.04999999999999999,non-human
mcb.00153-17,/Users/antonhesse/Desktop/Anton/Education/UMN/Lab and Research/HSPL/CPET_scoping_review/data/cpet_articles/full_texts/txts/mcb.00153-17.txt,0.49,0.51,0.010000000000000009,non-human
j.chemosphere.2016.02.127,/Users/antonhesse/Desktop/Anton/Education/UMN/Lab and Research/HSPL/CPET_scoping_review/data/cpet_articles/full_texts/txts/j.chemosphere.2016.02.127.txt,0.31,0.69,0.19,non-human
bf00762390,/Users/antonhesse/Desktop/Anton/Education/UMN/Lab and Research/HSPL/CPET_scoping_review/data/cpet_articles/full_texts/txts/bf00762390.txt,0.45,0.55,0.04999999999999999,non-human
jcea01_._12.1.890,/Users/antonhesse/Desktop/Anton/Education/UMN/Lab and Research/HSPL/CPET_scoping_review/data/cpet_articles/full_texts/txts/jcea01_._12.1.890.txt,0.21,0.79,0.29000000000000004,non-human
bj20040886,/Users/antonhesse/Desktop/Anton/Education/UMN/Lab and Research/HSPL/CPET_scoping_review/data/cpet_articles/full_texts/txts/bj20040886.txt,0.37,0.63,0.13,non-human
jeb.062943,/Users/antonhesse/Desktop/Anton/Education/UMN/Lab and Research/HSPL/CPET_scoping_review/data/cpet_articles/full_texts/txts/jeb.062943.txt,0.16,0.84,0.33999999999999997,non-human
s0043-1354_._98_._00423-0,/Users/antonhesse/Desktop/Anton/Education/UMN/Lab and Research/HSPL/CPET_scoping_review/data/cpet_articles/full_texts/txts/s0043-1354_._98_._00423-0.txt,0.24,0.76,0.26,non-human
1119-3077.97318,/Users/antonhesse/Desktop/Anton/Education/UMN/Lab and Research/HSPL/CPET_scoping_review/data/cpet_articles/full_texts/txts/1119-3077.97318.txt,0.4,0.6,0.09999999999999998,non-human
jeb.00060,/Users/antonhesse/Desktop/Anton/Education/UMN/Lab and Research/HSPL/CPET_scoping_review/data/cpet_articles/full_texts/txts/jeb.00060.txt,0.12,0.88,0.38,non-human
ecog.05850,/Users/antonhesse/Desktop/Anton/Education/UMN/Lab and Research/HSPL/CPET_scoping_review/data/cpet_articles/full_texts/txts/ecog.05850.txt,0.47,0.53,0.030000000000000027,non-human
s0378-1097_._01_._00416-5,/Users/antonhesse/Desktop/Anton/Education/UMN/Lab and Research/HSPL/CPET_scoping_review/data/cpet_articles/full_texts/txts/s0378-1097_._01_._00416-5.txt,0.38,0.62,0.12,non-human
japplphysiol.01177.2013,/Users/antonhesse/Desktop/Anton/Education/UMN/Lab and Research/HSPL/CPET_scoping_review/data/cpet_articles/full_texts/txts/japplphysiol.01177.2013.txt,0.5,0.5,0.0,non-human
jbc.m611777200,/Users/antonhesse/Desktop/Anton/Education/UMN/Lab and Research/HSPL/CPET_scoping_review/data/cpet_articles/full_texts/txts/jbc.m611777200.txt,0.42,0.58,0.08000000000000002,non-human
elife.68714,/Users/antonhesse/Desktop/Anton/Education/UMN/Lab and Research/HSPL/CPET_scoping_review/data/cpet_articles/full_texts/txts/elife.68714.txt,0.47,0.53,0.030000000000000027,non-human
s1569-9048_._02_._00068-x,/Users/antonhesse/Desktop/Anton/Education/UMN/Lab and Research/HSPL/CPET_scoping_review/data/cpet_articles/full_texts/txts/s1569-9048_._02_._00068-x.txt,0.48,0.52,0.020000000000000018,non-human
jeb.097238,/Users/antonhesse/Desktop/Anton/Education/UMN/Lab and Research/HSPL/CPET_scoping_review/data/cpet_articles/full_texts/txts/jeb.097238.txt,0.4,0.6,0.09999999999999998,non-human
s0742-8413_._97_._00078-9,/Users/antonhesse/Desktop/Anton/Education/UMN/Lab and Research/HSPL/CPET_scoping_review/data/cpet_articles/full_texts/txts/s0742-8413_._97_._00078-9.txt,0.36,0.64,0.14,non-human
ajpgi.1999.277.5.g1048,/Users/antonhesse/Desktop/Anton/Education/UMN/Lab and Research/HSPL/CPET_scoping_review/data/cpet_articles/full_texts/txts/ajpgi.1999.277.5.g1048.txt,0.35,0.65,0.15000000000000002,non-human
s00360-009-0374-0,/Users/antonhesse/Desktop/Anton/Education/UMN/Lab and Research/HSPL/CPET_scoping_review/data/cpet_articles/full_texts/txts/s00360-009-0374-0.txt,0.38,0.62,0.12,non-human
aem.00223-06,/Users/antonhesse/Desktop/Anton/Education/UMN/Lab and Research/HSPL/CPET_scoping_review/data/cpet_articles/full_texts/txts/aem.00223-06.txt,0.25,0.75,0.25,non-human
bj20041354,/Users/antonhesse/Desktop/Anton/Education/UMN/Lab and Research/HSPL/CPET_scoping_review/data/cpet_articles/full_texts/txts/bj20041354.txt,0.27,0.73,0.22999999999999998,non-human
s0044-8486_._01_._00523-3,/Users/antonhesse/Desktop/Anton/Education/UMN/Lab and Research/HSPL/CPET_scoping_review/data/cpet_articles/full_texts/txts/s0044-8486_._01_._00523-3.txt,0.16,0.84,0.33999999999999997,non-human
mbc.e18-06-0389,/Users/antonhesse/Desktop/Anton/Education/UMN/Lab and Research/HSPL/CPET_scoping_review/data/cpet_articles/full_texts/txts/mbc.e18-06-0389.txt,0.35,0.65,0.15000000000000002,non-human
jsc140922128m,/Users/antonhesse/Desktop/Anton/Education/UMN/Lab and Research/HSPL/CPET_scoping_review/data/cpet_articles/full_texts/txts/jsc140922128m.txt,0.49,0.51,0.010000000000000009,non-human
s00360-008-0320-6,/Users/antonhesse/Desktop/Anton/Education/UMN/Lab and Research/HSPL/CPET_scoping_review/data/cpet_articles/full_texts/txts/s00360-008-0320-6.txt,0.17,0.83,0.32999999999999996,non-human
j.2041-210x.2010.00057.x,/Users/antonhesse/Desktop/Anton/Education/UMN/Lab and Research/HSPL/CPET_scoping_review/data/cpet_articles/full_texts/txts/j.2041-210x.2010.00057.x.txt,0.31,0.69,0.19,non-human
s0302-4598_._98_._00112-3,/Users/antonhesse/Desktop/Anton/Education/UMN/Lab and Research/HSPL/CPET_scoping_review/data/cpet_articles/full_texts/txts/s0302-4598_._98_._00112-3.txt,0.3,0.7,0.2,non-human
648485,/Users/antonhesse/Desktop/Anton/Education/UMN/Lab and Research/HSPL/CPET_scoping_review/data/cpet_articles/full_texts/txts/648485.txt,0.09,0.91,0.41000000000000003,non-human
iembs.2009.5332491,/Users/antonhesse/Desktop/Anton/Education/UMN/Lab and Research/HSPL/CPET_scoping_review/data/cpet_articles/full_texts/txts/iembs.2009.5332491.txt,0.47,0.53,0.030000000000000027,non-human
japplphysiol.00185.2021,/Users/antonhesse/Desktop/Anton/Education/UMN/Lab and Research/HSPL/CPET_scoping_review/data/cpet_articles/full_texts/txts/japplphysiol.00185.2021.txt,0.47,0.53,0.030000000000000027,non-human
bj20140291,/Users/antonhesse/Desktop/Anton/Education/UMN/Lab and Research/HSPL/CPET_scoping_review/data/cpet_articles/full_texts/txts/bj20140291.txt,0.4,0.6,0.09999999999999998,non-human
2390088,/Users/antonhesse/Desktop/Anton/Education/UMN/Lab and Research/HSPL/CPET_scoping_review/data/cpet_articles/full_texts/txts/2390088.txt,0.37,0.63,0.13,non-human
jbc.m506575200,/Users/antonhesse/Desktop/Anton/Education/UMN/Lab and Research/HSPL/CPET_scoping_review/data/cpet_articles/full_texts/txts/jbc.m506575200.txt,0.43,0.57,0.07,non-human
ajprenal.1977.233.6.f539,/Users/antonhesse/Desktop/Anton/Education/UMN/Lab and Research/HSPL/CPET_scoping_review/data/cpet_articles/full_texts/txts/ajprenal.1977.233.6.f539.txt,0.45,0.55,0.04999999999999999,non-human
jeb.00369,/Users/antonhesse/Desktop/Anton/Education/UMN/Lab and Research/HSPL/CPET_scoping_review/data/cpet_articles/full_texts/txts/jeb.00369.txt,0.36,0.64,0.14,non-human
jeb.069583,/Users/antonhesse/Desktop/Anton/Education/UMN/Lab and Research/HSPL/CPET_scoping_review/data/cpet_articles/full_texts/txts/jeb.069583.txt,0.37,0.63,0.13,non-human
jappl.1992.72.6.2203,/Users/antonhesse/Desktop/Anton/Education/UMN/Lab and Research/HSPL/CPET_scoping_review/data/cpet_articles/full_texts/txts/jappl.1992.72.6.2203.txt,0.46,0.54,0.03999999999999998,non-human
s0300-595x_._76_._80028-x,/Users/antonhesse/Desktop/Anton/Education/UMN/Lab and Research/HSPL/CPET_scoping_review/data/cpet_articles/full_texts/txts/s0300-595x_._76_._80028-x.txt,0.46,0.54,0.03999999999999998,non-human
msystems.00758-19,/Users/antonhesse/Desktop/Anton/Education/UMN/Lab and Research/HSPL/CPET_scoping_review/data/cpet_articles/full_texts/txts/msystems.00758-19.txt,0.37,0.63,0.13,non-human
0005-2728_._90_._90164-y,/Users/antonhesse/Desktop/Anton/Education/UMN/Lab and Research/HSPL/CPET_scoping_review/data/cpet_articles/full_texts/txts/0005-2728_._90_._90164-y.txt,0.44,0.56,0.06,non-human
rd99039,/Users/antonhesse/Desktop/Anton/Education/UMN/Lab and Research/HSPL/CPET_scoping_review/data/cpet_articles/full_texts/txts/rd99039.txt,0.33,0.67,0.16999999999999998,non-human
ajcn_._57.5.738s,/Users/antonhesse/Desktop/Anton/Education/UMN/Lab and Research/HSPL/CPET_scoping_review/data/cpet_articles/full_texts/txts/ajcn_._57.5.738s.txt,0.49,0.51,0.010000000000000009,non-human
jpet.113.208017,/Users/antonhesse/Desktop/Anton/Education/UMN/Lab and Research/HSPL/CPET_scoping_review/data/cpet_articles/full_texts/txts/jpet.113.208017.txt,0.44,0.56,0.06,non-human
j.crvi.2005.10.010,/Users/antonhesse/Desktop/Anton/Education/UMN/Lab and Research/HSPL/CPET_scoping_review/data/cpet_articles/full_texts/txts/j.crvi.2005.10.010.txt,0.38,0.62,0.12,non-human
s00394-013-0631-6,/Users/antonhesse/Desktop/Anton/Education/UMN/Lab and Research/HSPL/CPET_scoping_review/data/cpet_articles/full_texts/txts/s00394-013-0631-6.txt,0.45,0.55,0.04999999999999999,non-human
1999gl011317,/Users/antonhesse/Desktop/Anton/Education/UMN/Lab and Research/HSPL/CPET_scoping_review/data/cpet_articles/full_texts/txts/1999gl011317.txt,0.41,0.59,0.09000000000000002,non-human
jeb.032136,/Users/antonhesse/Desktop/Anton/Education/UMN/Lab and Research/HSPL/CPET_scoping_review/data/cpet_articles/full_texts/txts/jeb.032136.txt,0.11,0.89,0.39,non-human
mcb.01479-07,/Users/antonhesse/Desktop/Anton/Education/UMN/Lab and Research/HSPL/CPET_scoping_review/data/cpet_articles/full_texts/txts/mcb.01479-07.txt,0.3,0.7,0.2,non-human
elife.26686.001,/Users/antonhesse/Desktop/Anton/Education/UMN/Lab and Research/HSPL/CPET_scoping_review/data/cpet_articles/full_texts/txts/elife.26686.001.txt,0.41,0.59,0.09000000000000002,non-human
s0167-2738_._00_._00449-5,/Users/antonhesse/Desktop/Anton/Education/UMN/Lab and Research/HSPL/CPET_scoping_review/data/cpet_articles/full_texts/txts/s0167-2738_._00_._00449-5.txt,0.5,0.5,0.0,non-human
0161-5890_._82_._90298-x,/Users/antonhesse/Desktop/Anton/Education/UMN/Lab and Research/HSPL/CPET_scoping_review/data/cpet_articles/full_texts/txts/0161-5890_._82_._90298-x.txt,0.44,0.56,0.06,non-human
jb.00239-18,/Users/antonhesse/Desktop/Anton/Education/UMN/Lab and Research/HSPL/CPET_scoping_review/data/cpet_articles/full_texts/txts/jb.00239-18.txt,0.37,0.63,0.13,non-human
s00300-006-0139-0,/Users/antonhesse/Desktop/Anton/Education/UMN/Lab and Research/HSPL/CPET_scoping_review/data/cpet_articles/full_texts/txts/s00300-006-0139-0.txt,0.16,0.84,0.33999999999999997,non-human
s41467-020-17384-1,/Users/antonhesse/Desktop/Anton/Education/UMN/Lab and Research/HSPL/CPET_scoping_review/data/cpet_articles/full_texts/txts/s41467-020-17384-1.txt,0.42,0.58,0.08000000000000002,non-human
aem.00302-19,/Users/antonhesse/Desktop/Anton/Education/UMN/Lab and Research/HSPL/CPET_scoping_review/data/cpet_articles/full_texts/txts/aem.00302-19.txt,0.38,0.62,0.12,non-human
s0300-483x_._02_._00076-8,/Users/antonhesse/Desktop/Anton/Education/UMN/Lab and Research/HSPL/CPET_scoping_review/data/cpet_articles/full_texts/txts/s0300-483x_._02_._00076-8.txt,0.27,0.73,0.22999999999999998,non-human
s0141-0229_._98_._00014-3,/Users/antonhesse/Desktop/Anton/Education/UMN/Lab and Research/HSPL/CPET_scoping_review/data/cpet_articles/full_texts/txts/s0141-0229_._98_._00014-3.txt,0.39,0.61,0.10999999999999999,non-human
jb.00206-08,/Users/antonhesse/Desktop/Anton/Education/UMN/Lab and Research/HSPL/CPET_scoping_review/data/cpet_articles/full_texts/txts/jb.00206-08.txt,0.33,0.67,0.16999999999999998,non-human
09-092.1,/Users/antonhesse/Desktop/Anton/Education/UMN/Lab and Research/HSPL/CPET_scoping_review/data/cpet_articles/full_texts/txts/09-092.1.txt,0.38,0.62,0.12,non-human
s0141-3910_._98_._00184-0,/Users/antonhesse/Desktop/Anton/Education/UMN/Lab and Research/HSPL/CPET_scoping_review/data/cpet_articles/full_texts/txts/s0141-3910_._98_._00184-0.txt,0.36,0.64,0.14,non-human
ajpendo.90690.2008,/Users/antonhesse/Desktop/Anton/Education/UMN/Lab and Research/HSPL/CPET_scoping_review/data/cpet_articles/full_texts/txts/ajpendo.90690.2008.txt,0.41,0.59,0.09000000000000002,non-human
s10695-011-9499-7,/Users/antonhesse/Desktop/Anton/Education/UMN/Lab and Research/HSPL/CPET_scoping_review/data/cpet_articles/full_texts/txts/s10695-011-9499-7.txt,0.16,0.84,0.33999999999999997,non-human
0300-9629_._95_._02088-8,/Users/antonhesse/Desktop/Anton/Education/UMN/Lab and Research/HSPL/CPET_scoping_review/data/cpet_articles/full_texts/txts/0300-9629_._95_._02088-8.txt,0.5,0.5,0.0,non-human
metabo11110750,/Users/antonhesse/Desktop/Anton/Education/UMN/Lab and Research/HSPL/CPET_scoping_review/data/cpet_articles/full_texts/txts/metabo11110750.txt,0.4,0.6,0.09999999999999998,non-human
s10008-019-04310-9,/Users/antonhesse/Desktop/Anton/Education/UMN/Lab and Research/HSPL/CPET_scoping_review/data/cpet_articles/full_texts/txts/s10008-019-04310-9.txt,0.5,0.5,0.0,non-human
s0026261720030169,/Users/antonhesse/Desktop/Anton/Education/UMN/Lab and Research/HSPL/CPET_scoping_review/data/cpet_articles/full_texts/txts/s0026261720030169.txt,0.26,0.74,0.24,non-human
s0167-4889_._01_._00070-2,/Users/antonhesse/Desktop/Anton/Education/UMN/Lab and Research/HSPL/CPET_scoping_review/data/cpet_articles/full_texts/txts/s0167-4889_._01_._00070-2.txt,0.19,0.81,0.31,non-human
s0032-9592_._01_._00135-2,/Users/antonhesse/Desktop/Anton/Education/UMN/Lab and Research/HSPL/CPET_scoping_review/data/cpet_articles/full_texts/txts/s0032-9592_._01_._00135-2.txt,0.3,0.7,0.2,non-human
s0034-5687_._00_._00098-0,/Users/antonhesse/Desktop/Anton/Education/UMN/Lab and Research/HSPL/CPET_scoping_review/data/cpet_articles/full_texts/txts/s0034-5687_._00_._00098-0.txt,0.28,0.72,0.21999999999999997,non-human
s0014-2999_._02_._01645-x,/Users/antonhesse/Desktop/Anton/Education/UMN/Lab and Research/HSPL/CPET_scoping_review/data/cpet_articles/full_texts/txts/s0014-2999_._02_._01645-x.txt,0.34,0.66,0.15999999999999998,non-human
j.1748-1716.2007.01680.x,/Users/antonhesse/Desktop/Anton/Education/UMN/Lab and Research/HSPL/CPET_scoping_review/data/cpet_articles/full_texts/txts/j.1748-1716.2007.01680.x.txt,0.45,0.55,0.04999999999999999,non-human
s0031-9384_._97_._00340-5,/Users/antonhesse/Desktop/Anton/Education/UMN/Lab and Research/HSPL/CPET_scoping_review/data/cpet_articles/full_texts/txts/s0031-9384_._97_._00340-5.txt,0.48,0.52,0.020000000000000018,non-human
j.pbb.2014.03.027,/Users/antonhesse/Desktop/Anton/Education/UMN/Lab and Research/HSPL/CPET_scoping_review/data/cpet_articles/full_texts/txts/j.pbb.2014.03.027.txt,0.49,0.51,0.010000000000000009,non-human
ajpheart.00596.2003,/Users/antonhesse/Desktop/Anton/Education/UMN/Lab and Research/HSPL/CPET_scoping_review/data/cpet_articles/full_texts/txts/ajpheart.00596.2003.txt,0.43,0.57,0.07,non-human
bf00877117,/Users/antonhesse/Desktop/Anton/Education/UMN/Lab and Research/HSPL/CPET_scoping_review/data/cpet_articles/full_texts/txts/bf00877117.txt,0.47,0.53,0.030000000000000027,non-human
106143096x128018,/Users/antonhesse/Desktop/Anton/Education/UMN/Lab and Research/HSPL/CPET_scoping_review/data/cpet_articles/full_texts/txts/106143096x128018.txt,0.5,0.5,0.0,non-human
689775,/Users/antonhesse/Desktop/Anton/Education/UMN/Lab and Research/HSPL/CPET_scoping_review/data/cpet_articles/full_texts/txts/689775.txt,0.44,0.56,0.06,non-human
s00360-012-0690-7,/Users/antonhesse/Desktop/Anton/Education/UMN/Lab and Research/HSPL/CPET_scoping_review/data/cpet_articles/full_texts/txts/s00360-012-0690-7.txt,0.05,0.95,0.45,non-human
316665,/Users/antonhesse/Desktop/Anton/Education/UMN/Lab and Research/HSPL/CPET_scoping_review/data/cpet_articles/full_texts/txts/316665.txt,0.26,0.74,0.24,non-human
s0967-0637_._99_._00103-x,/Users/antonhesse/Desktop/Anton/Education/UMN/Lab and Research/HSPL/CPET_scoping_review/data/cpet_articles/full_texts/txts/s0967-0637_._99_._00103-x.txt,0.22,0.78,0.28,non-human
2015gb005303,/Users/antonhesse/Desktop/Anton/Education/UMN/Lab and Research/HSPL/CPET_scoping_review/data/cpet_articles/full_texts/txts/2015gb005303.txt,0.27,0.73,0.22999999999999998,non-human
156853904322981897,/Users/antonhesse/Desktop/Anton/Education/UMN/Lab and Research/HSPL/CPET_scoping_review/data/cpet_articles/full_texts/txts/156853904322981897.txt,0.43,0.57,0.07,non-human
jai.13033,/Users/antonhesse/Desktop/Anton/Education/UMN/Lab and Research/HSPL/CPET_scoping_review/data/cpet_articles/full_texts/txts/jai.13033.txt,0.13,0.87,0.37,non-human
0021-9290_._93_._90069-q,/Users/antonhesse/Desktop/Anton/Education/UMN/Lab and Research/HSPL/CPET_scoping_review/data/cpet_articles/full_texts/txts/0021-9290_._93_._90069-q.txt,0.45,0.55,0.04999999999999999,non-human
abp.2006_3305,/Users/antonhesse/Desktop/Anton/Education/UMN/Lab and Research/HSPL/CPET_scoping_review/data/cpet_articles/full_texts/txts/abp.2006_3305.txt,0.35,0.65,0.15000000000000002,non-human
s003600000151,/Users/antonhesse/Desktop/Anton/Education/UMN/Lab and Research/HSPL/CPET_scoping_review/data/cpet_articles/full_texts/txts/s003600000151.txt,0.31,0.69,0.19,non-human
667809,/Users/antonhesse/Desktop/Anton/Education/UMN/Lab and Research/HSPL/CPET_scoping_review/data/cpet_articles/full_texts/txts/667809.txt,0.34,0.66,0.15999999999999998,non-human
s0009-2797_._01_._00296-4,/Users/antonhesse/Desktop/Anton/Education/UMN/Lab and Research/HSPL/CPET_scoping_review/data/cpet_articles/full_texts/txts/s0009-2797_._01_._00296-4.txt,0.28,0.72,0.21999999999999997,non-human
s0303-2647_._02_._00034-5,/Users/antonhesse/Desktop/Anton/Education/UMN/Lab and Research/HSPL/CPET_scoping_review/data/cpet_articles/full_texts/txts/s0303-2647_._02_._00034-5.txt,0.47,0.53,0.030000000000000027,non-human
2019jg005138,/Users/antonhesse/Desktop/Anton/Education/UMN/Lab and Research/HSPL/CPET_scoping_review/data/cpet_articles/full_texts/txts/2019jg005138.txt,0.26,0.74,0.24,non-human
si63-008.1,/Users/antonhesse/Desktop/Anton/Education/UMN/Lab and Research/HSPL/CPET_scoping_review/data/cpet_articles/full_texts/txts/si63-008.1.txt,0.47,0.53,0.030000000000000027,non-human
mcb.00980-07,/Users/antonhesse/Desktop/Anton/Education/UMN/Lab and Research/HSPL/CPET_scoping_review/data/cpet_articles/full_texts/txts/mcb.00980-07.txt,0.25,0.75,0.25,non-human
ssr2003151,/Users/antonhesse/Desktop/Anton/Education/UMN/Lab and Research/HSPL/CPET_scoping_review/data/cpet_articles/full_texts/txts/ssr2003151.txt,0.32,0.68,0.18,non-human
2009wr009012,/Users/antonhesse/Desktop/Anton/Education/UMN/Lab and Research/HSPL/CPET_scoping_review/data/cpet_articles/full_texts/txts/2009wr009012.txt,0.31,0.69,0.19,non-human
316710,/Users/antonhesse/Desktop/Anton/Education/UMN/Lab and Research/HSPL/CPET_scoping_review/data/cpet_articles/full_texts/txts/316710.txt,0.35,0.65,0.15000000000000002,non-human
s0009-2797_._99_._00103-9,/Users/antonhesse/Desktop/Anton/Education/UMN/Lab and Research/HSPL/CPET_scoping_review/data/cpet_articles/full_texts/txts/s0009-2797_._99_._00103-9.txt,0.39,0.61,0.10999999999999999,non-human
pnas.1912313117,/Users/antonhesse/Desktop/Anton/Education/UMN/Lab and Research/HSPL/CPET_scoping_review/data/cpet_articles/full_texts/txts/pnas.1912313117.txt,0.27,0.73,0.22999999999999998,non-human
ajpregu.1997.273.1.r337,/Users/antonhesse/Desktop/Anton/Education/UMN/Lab and Research/HSPL/CPET_scoping_review/data/cpet_articles/full_texts/txts/ajpregu.1997.273.1.r337.txt,0.44,0.56,0.06,non-human
s0009-2797_._97_._00050-1,/Users/antonhesse/Desktop/Anton/Education/UMN/Lab and Research/HSPL/CPET_scoping_review/data/cpet_articles/full_texts/txts/s0009-2797_._97_._00050-1.txt,0.41,0.59,0.09000000000000002,non-human
s0100-879x1997000700002,/Users/antonhesse/Desktop/Anton/Education/UMN/Lab and Research/HSPL/CPET_scoping_review/data/cpet_articles/full_texts/txts/s0100-879x1997000700002.txt,0.5,0.5,0.0,non-human
000028380,/Users/antonhesse/Desktop/Anton/Education/UMN/Lab and Research/HSPL/CPET_scoping_review/data/cpet_articles/full_texts/txts/000028380.txt,0.5,0.5,0.0,non-human
0034-5687_._92_._90113-b,/Users/antonhesse/Desktop/Anton/Education/UMN/Lab and Research/HSPL/CPET_scoping_review/data/cpet_articles/full_texts/txts/0034-5687_._92_._90113-b.txt,0.3,0.7,0.2,non-human
j.1474-919x.1998.tb04396.x,/Users/antonhesse/Desktop/Anton/Education/UMN/Lab and Research/HSPL/CPET_scoping_review/data/cpet_articles/full_texts/txts/j.1474-919x.1998.tb04396.x.txt,0.31,0.69,0.19,non-human
joe-11-0461,/Users/antonhesse/Desktop/Anton/Education/UMN/Lab and Research/HSPL/CPET_scoping_review/data/cpet_articles/full_texts/txts/joe-11-0461.txt,0.44,0.56,0.06,non-human
0925-4005_._93_._01209-m,/Users/antonhesse/Desktop/Anton/Education/UMN/Lab and Research/HSPL/CPET_scoping_review/data/cpet_articles/full_texts/txts/0925-4005_._93_._01209-m.txt,0.43,0.57,0.07,non-human
japplphysiol.00469.2002,/Users/antonhesse/Desktop/Anton/Education/UMN/Lab and Research/HSPL/CPET_scoping_review/data/cpet_articles/full_texts/txts/japplphysiol.00469.2002.txt,0.38,0.62,0.12,non-human
jbc.c500140200,/Users/antonhesse/Desktop/Anton/Education/UMN/Lab and Research/HSPL/CPET_scoping_review/data/cpet_articles/full_texts/txts/jbc.c500140200.txt,0.47,0.53,0.030000000000000027,non-human
hypertensionaha.108.120212,/Users/antonhesse/Desktop/Anton/Education/UMN/Lab and Research/HSPL/CPET_scoping_review/data/cpet_articles/full_texts/txts/hypertensionaha.108.120212.txt,0.41,0.59,0.09000000000000002,non-human
ajpheart.2001.280.5.h2350,/Users/antonhesse/Desktop/Anton/Education/UMN/Lab and Research/HSPL/CPET_scoping_review/data/cpet_articles/full_texts/txts/ajpheart.2001.280.5.h2350.txt,0.5,0.5,0.0,non-human
1.jbo.20.5.051022,/Users/antonhesse/Desktop/Anton/Education/UMN/Lab and Research/HSPL/CPET_scoping_review/data/cpet_articles/full_texts/txts/1.jbo.20.5.051022.txt,0.41,0.59,0.09000000000000002,non-human
s0303-7207_._01_._00407-5,/Users/antonhesse/Desktop/Anton/Education/UMN/Lab and Research/HSPL/CPET_scoping_review/data/cpet_articles/full_texts/txts/s0303-7207_._01_._00407-5.txt,0.44,0.56,0.06,non-human
jbc.m117.817510,/Users/antonhesse/Desktop/Anton/Education/UMN/Lab and Research/HSPL/CPET_scoping_review/data/cpet_articles/full_texts/txts/jbc.m117.817510.txt,0.35,0.65,0.15000000000000002,non-human
jme-16-0078,/Users/antonhesse/Desktop/Anton/Education/UMN/Lab and Research/HSPL/CPET_scoping_review/data/cpet_articles/full_texts/txts/jme-16-0078.txt,0.44,0.56,0.06,non-human
jbc.m112.440354,/Users/antonhesse/Desktop/Anton/Education/UMN/Lab and Research/HSPL/CPET_scoping_review/data/cpet_articles/full_texts/txts/jbc.m112.440354.txt,0.4,0.6,0.09999999999999998,non-human
fj.201901747rr,/Users/antonhesse/Desktop/Anton/Education/UMN/Lab and Research/HSPL/CPET_scoping_review/data/cpet_articles/full_texts/txts/fj.201901747rr.txt,0.38,0.62,0.12,non-human
rd99096,/Users/antonhesse/Desktop/Anton/Education/UMN/Lab and Research/HSPL/CPET_scoping_review/data/cpet_articles/full_texts/txts/rd99096.txt,0.31,0.69,0.19,non-human
phy2.12214,/Users/antonhesse/Desktop/Anton/Education/UMN/Lab and Research/HSPL/CPET_scoping_review/data/cpet_articles/full_texts/txts/phy2.12214.txt,0.47,0.53,0.030000000000000027,non-human
jeb.029058,/Users/antonhesse/Desktop/Anton/Education/UMN/Lab and Research/HSPL/CPET_scoping_review/data/cpet_articles/full_texts/txts/jeb.029058.txt,0.31,0.69,0.19,non-human
s00360-018-1154-5,/Users/antonhesse/Desktop/Anton/Education/UMN/Lab and Research/HSPL/CPET_scoping_review/data/cpet_articles/full_texts/txts/s00360-018-1154-5.txt,0.21,0.79,0.29000000000000004,non-human
jeb.01077,/Users/antonhesse/Desktop/Anton/Education/UMN/Lab and Research/HSPL/CPET_scoping_review/data/cpet_articles/full_texts/txts/jeb.01077.txt,0.33,0.67,0.16999999999999998,non-human
journal.pone.0124023,/Users/antonhesse/Desktop/Anton/Education/UMN/Lab and Research/HSPL/CPET_scoping_review/data/cpet_articles/full_texts/txts/journal.pone.0124023.txt,0.23,0.77,0.27,non-human
j.1558-5646.1999.tb03793.x,/Users/antonhesse/Desktop/Anton/Education/UMN/Lab and Research/HSPL/CPET_scoping_review/data/cpet_articles/full_texts/txts/j.1558-5646.1999.tb03793.x.txt,0.4,0.6,0.09999999999999998,non-human
s0009-2797_._02_._00052-2,/Users/antonhesse/Desktop/Anton/Education/UMN/Lab and Research/HSPL/CPET_scoping_review/data/cpet_articles/full_texts/txts/s0009-2797_._02_._00052-2.txt,0.35,0.65,0.15000000000000002,non-human
s00360-006-0113-8,/Users/antonhesse/Desktop/Anton/Education/UMN/Lab and Research/HSPL/CPET_scoping_review/data/cpet_articles/full_texts/txts/s00360-006-0113-8.txt,0.34,0.66,0.15999999999999998,non-human
0922-4106_._91_._90074-r,/Users/antonhesse/Desktop/Anton/Education/UMN/Lab and Research/HSPL/CPET_scoping_review/data/cpet_articles/full_texts/txts/0922-4106_._91_._90074-r.txt,0.35,0.65,0.15000000000000002,non-human
s0014-2999_._99_._00910-3,/Users/antonhesse/Desktop/Anton/Education/UMN/Lab and Research/HSPL/CPET_scoping_review/data/cpet_articles/full_texts/txts/s0014-2999_._99_._00910-3.txt,0.38,0.62,0.12,non-human
s00360-014-0839-7,/Users/antonhesse/Desktop/Anton/Education/UMN/Lab and Research/HSPL/CPET_scoping_review/data/cpet_articles/full_texts/txts/s00360-014-0839-7.txt,0.21,0.79,0.29000000000000004,non-human
s0006-3495_._99_._77417-5,/Users/antonhesse/Desktop/Anton/Education/UMN/Lab and Research/HSPL/CPET_scoping_review/data/cpet_articles/full_texts/txts/s0006-3495_._99_._77417-5.txt,0.38,0.62,0.12,non-human
rsbl.2005.0311,/Users/antonhesse/Desktop/Anton/Education/UMN/Lab and Research/HSPL/CPET_scoping_review/data/cpet_articles/full_texts/txts/rsbl.2005.0311.txt,0.35,0.65,0.15000000000000002,non-human
2390167,/Users/antonhesse/Desktop/Anton/Education/UMN/Lab and Research/HSPL/CPET_scoping_review/data/cpet_articles/full_texts/txts/2390167.txt,0.3,0.7,0.2,non-human
1472-6793-4-1,/Users/antonhesse/Desktop/Anton/Education/UMN/Lab and Research/HSPL/CPET_scoping_review/data/cpet_articles/full_texts/txts/1472-6793-4-1.txt,0.48,0.52,0.020000000000000018,non-human
156854202760405168,/Users/antonhesse/Desktop/Anton/Education/UMN/Lab and Research/HSPL/CPET_scoping_review/data/cpet_articles/full_texts/txts/156854202760405168.txt,0.19,0.81,0.31,non-human
j.1095-8649.2006.01152.x,/Users/antonhesse/Desktop/Anton/Education/UMN/Lab and Research/HSPL/CPET_scoping_review/data/cpet_articles/full_texts/txts/j.1095-8649.2006.01152.x.txt,0.09,0.91,0.41000000000000003,non-human
jeb.051680,/Users/antonhesse/Desktop/Anton/Education/UMN/Lab and Research/HSPL/CPET_scoping_review/data/cpet_articles/full_texts/txts/jeb.051680.txt,0.33,0.67,0.16999999999999998,non-human
jbc.m109.069054,/Users/antonhesse/Desktop/Anton/Education/UMN/Lab and Research/HSPL/CPET_scoping_review/data/cpet_articles/full_texts/txts/jbc.m109.069054.txt,0.35,0.65,0.15000000000000002,non-human
s0031-9384_._00_._00280-8,/Users/antonhesse/Desktop/Anton/Education/UMN/Lab and Research/HSPL/CPET_scoping_review/data/cpet_articles/full_texts/txts/s0031-9384_._00_._00280-8.txt,0.34,0.66,0.15999999999999998,non-human
2390015,/Users/antonhesse/Desktop/Anton/Education/UMN/Lab and Research/HSPL/CPET_scoping_review/data/cpet_articles/full_texts/txts/2390015.txt,0.36,0.64,0.14,non-human
s0014-2999_._02_._01490-5,/Users/antonhesse/Desktop/Anton/Education/UMN/Lab and Research/HSPL/CPET_scoping_review/data/cpet_articles/full_texts/txts/s0014-2999_._02_._01490-5.txt,0.41,0.59,0.09000000000000002,non-human
s0891-5849_._01_._00816-4,/Users/antonhesse/Desktop/Anton/Education/UMN/Lab and Research/HSPL/CPET_scoping_review/data/cpet_articles/full_texts/txts/s0891-5849_._01_._00816-4.txt,0.34,0.66,0.15999999999999998,non-human
s0960258500003871,/Users/antonhesse/Desktop/Anton/Education/UMN/Lab and Research/HSPL/CPET_scoping_review/data/cpet_articles/full_texts/txts/s0960258500003871.txt,0.23,0.77,0.27,non-human
0168-8278_._91_._90831-u,/Users/antonhesse/Desktop/Anton/Education/UMN/Lab and Research/HSPL/CPET_scoping_review/data/cpet_articles/full_texts/txts/0168-8278_._91_._90831-u.txt,0.46,0.54,0.03999999999999998,non-human
s0007114517000472,/Users/antonhesse/Desktop/Anton/Education/UMN/Lab and Research/HSPL/CPET_scoping_review/data/cpet_articles/full_texts/txts/s0007114517000472.txt,0.17,0.83,0.32999999999999996,non-human
jbc.ra120.013716,/Users/antonhesse/Desktop/Anton/Education/UMN/Lab and Research/HSPL/CPET_scoping_review/data/cpet_articles/full_texts/txts/jbc.ra120.013716.txt,0.48,0.52,0.020000000000000018,non-human
0304-5102_._93_._e0225-6,/Users/antonhesse/Desktop/Anton/Education/UMN/Lab and Research/HSPL/CPET_scoping_review/data/cpet_articles/full_texts/txts/0304-5102_._93_._e0225-6.txt,0.41,0.59,0.09000000000000002,non-human
s0034-5687_._99_._00061-4,/Users/antonhesse/Desktop/Anton/Education/UMN/Lab and Research/HSPL/CPET_scoping_review/data/cpet_articles/full_texts/txts/s0034-5687_._99_._00061-4.txt,0.48,0.52,0.020000000000000018,non-human
0006-2952_._95_._00112-d,/Users/antonhesse/Desktop/Anton/Education/UMN/Lab and Research/HSPL/CPET_scoping_review/data/cpet_articles/full_texts/txts/0006-2952_._95_._00112-d.txt,0.43,0.57,0.07,non-human
s0076-6879_._04_._81008-5,/Users/antonhesse/Desktop/Anton/Education/UMN/Lab and Research/HSPL/CPET_scoping_review/data/cpet_articles/full_texts/txts/s0076-6879_._04_._81008-5.txt,0.41,0.59,0.09000000000000002,non-human
s0014-5793_._98_._01115-6,/Users/antonhesse/Desktop/Anton/Education/UMN/Lab and Research/HSPL/CPET_scoping_review/data/cpet_articles/full_texts/txts/s0014-5793_._98_._01115-6.txt,0.41,0.59,0.09000000000000002,non-human
mbio.01588-15,/Users/antonhesse/Desktop/Anton/Education/UMN/Lab and Research/HSPL/CPET_scoping_review/data/cpet_articles/full_texts/txts/mbio.01588-15.txt,0.45,0.55,0.04999999999999999,non-human
ajpcell.1993.265.5.c1340,/Users/antonhesse/Desktop/Anton/Education/UMN/Lab and Research/HSPL/CPET_scoping_review/data/cpet_articles/full_texts/txts/ajpcell.1993.265.5.c1340.txt,0.35,0.65,0.15000000000000002,non-human
0010-406x_._69_._91025-1,/Users/antonhesse/Desktop/Anton/Education/UMN/Lab and Research/HSPL/CPET_scoping_review/data/cpet_articles/full_texts/txts/0010-406x_._69_._91025-1.txt,0.4,0.6,0.09999999999999998,non-human
rd15152,/Users/antonhesse/Desktop/Anton/Education/UMN/Lab and Research/HSPL/CPET_scoping_review/data/cpet_articles/full_texts/txts/rd15152.txt,0.31,0.69,0.19,non-human
ab00584,/Users/antonhesse/Desktop/Anton/Education/UMN/Lab and Research/HSPL/CPET_scoping_review/data/cpet_articles/full_texts/txts/ab00584.txt,0.13,0.87,0.37,non-human
2001gb001461,/Users/antonhesse/Desktop/Anton/Education/UMN/Lab and Research/HSPL/CPET_scoping_review/data/cpet_articles/full_texts/txts/2001gb001461.txt,0.24,0.76,0.26,non-human
0031-9384_._93_._90366-n,/Users/antonhesse/Desktop/Anton/Education/UMN/Lab and Research/HSPL/CPET_scoping_review/data/cpet_articles/full_texts/txts/0031-9384_._93_._90366-n.txt,0.3,0.7,0.2,non-human
2009jc006021,/Users/antonhesse/Desktop/Anton/Education/UMN/Lab and Research/HSPL/CPET_scoping_review/data/cpet_articles/full_texts/txts/2009jc006021.txt,0.3,0.7,0.2,non-human
s1146-609x_._99_._00143-5,/Users/antonhesse/Desktop/Anton/Education/UMN/Lab and Research/HSPL/CPET_scoping_review/data/cpet_articles/full_texts/txts/s1146-609x_._99_._00143-5.txt,0.26,0.74,0.24,non-human
106143099x121508,/Users/antonhesse/Desktop/Anton/Education/UMN/Lab and Research/HSPL/CPET_scoping_review/data/cpet_articles/full_texts/txts/106143099x121508.txt,0.47,0.53,0.030000000000000027,non-human
s0025315400002319,/Users/antonhesse/Desktop/Anton/Education/UMN/Lab and Research/HSPL/CPET_scoping_review/data/cpet_articles/full_texts/txts/s0025315400002319.txt,0.34,0.66,0.15999999999999998,non-human
s00244-006-0051-1,/Users/antonhesse/Desktop/Anton/Education/UMN/Lab and Research/HSPL/CPET_scoping_review/data/cpet_articles/full_texts/txts/s00244-006-0051-1.txt,0.17,0.83,0.32999999999999996,non-human
journal.pone.0228333,/Users/antonhesse/Desktop/Anton/Education/UMN/Lab and Research/HSPL/CPET_scoping_review/data/cpet_articles/full_texts/txts/journal.pone.0228333.txt,0.38,0.62,0.12,non-human
s0955-2863_._01_._00173-5,/Users/antonhesse/Desktop/Anton/Education/UMN/Lab and Research/HSPL/CPET_scoping_review/data/cpet_articles/full_texts/txts/s0955-2863_._01_._00173-5.txt,0.47,0.53,0.030000000000000027,non-human
s0006-2952_._97_._00434-6,/Users/antonhesse/Desktop/Anton/Education/UMN/Lab and Research/HSPL/CPET_scoping_review/data/cpet_articles/full_texts/txts/s0006-2952_._97_._00434-6.txt,0.31,0.69,0.19,non-human
s1095-6433_._97_._00405-4,/Users/antonhesse/Desktop/Anton/Education/UMN/Lab and Research/HSPL/CPET_scoping_review/data/cpet_articles/full_texts/txts/s1095-6433_._97_._00405-4.txt,0.14,0.86,0.36,non-human
2000gb001288,/Users/antonhesse/Desktop/Anton/Education/UMN/Lab and Research/HSPL/CPET_scoping_review/data/cpet_articles/full_texts/txts/2000gb001288.txt,0.33,0.67,0.16999999999999998,non-human
s0006-2952_._97_._00303-1,/Users/antonhesse/Desktop/Anton/Education/UMN/Lab and Research/HSPL/CPET_scoping_review/data/cpet_articles/full_texts/txts/s0006-2952_._97_._00303-1.txt,0.32,0.68,0.18,non-human
s1095-6433_._02_._00164-2,/Users/antonhesse/Desktop/Anton/Education/UMN/Lab and Research/HSPL/CPET_scoping_review/data/cpet_articles/full_texts/txts/s1095-6433_._02_._00164-2.txt,0.32,0.68,0.18,non-human
jci106564,/Users/antonhesse/Desktop/Anton/Education/UMN/Lab and Research/HSPL/CPET_scoping_review/data/cpet_articles/full_texts/txts/jci106564.txt,0.5,0.5,0.0,non-human
s0304-4165_._02_._00218-0,/Users/antonhesse/Desktop/Anton/Education/UMN/Lab and Research/HSPL/CPET_scoping_review/data/cpet_articles/full_texts/txts/s0304-4165_._02_._00218-0.txt,0.26,0.74,0.24,non-human
s1062360411020020,/Users/antonhesse/Desktop/Anton/Education/UMN/Lab and Research/HSPL/CPET_scoping_review/data/cpet_articles/full_texts/txts/s1062360411020020.txt,0.41,0.59,0.09000000000000002,non-human
s0300-483x_._97_._00088-7,/Users/antonhesse/Desktop/Anton/Education/UMN/Lab and Research/HSPL/CPET_scoping_review/data/cpet_articles/full_texts/txts/s0300-483x_._97_._00088-7.txt,0.3,0.7,0.2,non-human
bf00571261,/Users/antonhesse/Desktop/Anton/Education/UMN/Lab and Research/HSPL/CPET_scoping_review/data/cpet_articles/full_texts/txts/bf00571261.txt,0.24,0.76,0.26,non-human
s00227-014-2526-3,/Users/antonhesse/Desktop/Anton/Education/UMN/Lab and Research/HSPL/CPET_scoping_review/data/cpet_articles/full_texts/txts/s00227-014-2526-3.txt,0.15,0.85,0.35,non-human
2014jc010422,/Users/antonhesse/Desktop/Anton/Education/UMN/Lab and Research/HSPL/CPET_scoping_review/data/cpet_articles/full_texts/txts/2014jc010422.txt,0.31,0.69,0.19,non-human
jci99366,/Users/antonhesse/Desktop/Anton/Education/UMN/Lab and Research/HSPL/CPET_scoping_review/data/cpet_articles/full_texts/txts/jci99366.txt,0.41,0.59,0.09000000000000002,non-human
s0306-4565_._02_._00006-2,/Users/antonhesse/Desktop/Anton/Education/UMN/Lab and Research/HSPL/CPET_scoping_review/data/cpet_articles/full_texts/txts/s0306-4565_._02_._00006-2.txt,0.21,0.79,0.29000000000000004,non-human
bf02692207,/Users/antonhesse/Desktop/Anton/Education/UMN/Lab and Research/HSPL/CPET_scoping_review/data/cpet_articles/full_texts/txts/bf02692207.txt,0.25,0.75,0.25,non-human
biom11030424,/Users/antonhesse/Desktop/Anton/Education/UMN/Lab and Research/HSPL/CPET_scoping_review/data/cpet_articles/full_texts/txts/biom11030424.txt,0.49,0.51,0.010000000000000009,non-human
s0022093009030065,/Users/antonhesse/Desktop/Anton/Education/UMN/Lab and Research/HSPL/CPET_scoping_review/data/cpet_articles/full_texts/txts/s0022093009030065.txt,0.37,0.63,0.13,non-human
ajpregu.1999.277.5.r1428,/Users/antonhesse/Desktop/Anton/Education/UMN/Lab and Research/HSPL/CPET_scoping_review/data/cpet_articles/full_texts/txts/ajpregu.1999.277.5.r1428.txt,0.45,0.55,0.04999999999999999,non-human
s004210050274,/Users/antonhesse/Desktop/Anton/Education/UMN/Lab and Research/HSPL/CPET_scoping_review/data/cpet_articles/full_texts/txts/s004210050274.txt,0.47,0.53,0.030000000000000027,non-human
joa.12830,/Users/antonhesse/Desktop/Anton/Education/UMN/Lab and Research/HSPL/CPET_scoping_review/data/cpet_articles/full_texts/txts/joa.12830.txt,0.4,0.6,0.09999999999999998,non-human
jbc.m113.450353,/Users/antonhesse/Desktop/Anton/Education/UMN/Lab and Research/HSPL/CPET_scoping_review/data/cpet_articles/full_texts/txts/jbc.m113.450353.txt,0.36,0.64,0.14,non-human
jbc.m800163200,/Users/antonhesse/Desktop/Anton/Education/UMN/Lab and Research/HSPL/CPET_scoping_review/data/cpet_articles/full_texts/txts/jbc.m800163200.txt,0.31,0.69,0.19,non-human
jeb.079186,/Users/antonhesse/Desktop/Anton/Education/UMN/Lab and Research/HSPL/CPET_scoping_review/data/cpet_articles/full_texts/txts/jeb.079186.txt,0.24,0.76,0.26,non-human
jbc.m113.507285,/Users/antonhesse/Desktop/Anton/Education/UMN/Lab and Research/HSPL/CPET_scoping_review/data/cpet_articles/full_texts/txts/jbc.m113.507285.txt,0.31,0.69,0.19,non-human
s0025-5408_._02_._00983-2,/Users/antonhesse/Desktop/Anton/Education/UMN/Lab and Research/HSPL/CPET_scoping_review/data/cpet_articles/full_texts/txts/s0025-5408_._02_._00983-2.txt,0.37,0.63,0.13,non-human
jfb.13557,/Users/antonhesse/Desktop/Anton/Education/UMN/Lab and Research/HSPL/CPET_scoping_review/data/cpet_articles/full_texts/txts/jfb.13557.txt,0.22,0.78,0.28,non-human
s0005-2728_._03_._00043-4,/Users/antonhesse/Desktop/Anton/Education/UMN/Lab and Research/HSPL/CPET_scoping_review/data/cpet_articles/full_texts/txts/s0005-2728_._03_._00043-4.txt,0.3,0.7,0.2,non-human
jbc.m407120200,/Users/antonhesse/Desktop/Anton/Education/UMN/Lab and Research/HSPL/CPET_scoping_review/data/cpet_articles/full_texts/txts/jbc.m407120200.txt,0.4,0.6,0.09999999999999998,non-human
0049-3848_._79_._90032-x,/Users/antonhesse/Desktop/Anton/Education/UMN/Lab and Research/HSPL/CPET_scoping_review/data/cpet_articles/full_texts/txts/0049-3848_._79_._90032-x.txt,0.29,0.71,0.21000000000000002,non-human
jeb.01758,/Users/antonhesse/Desktop/Anton/Education/UMN/Lab and Research/HSPL/CPET_scoping_review/data/cpet_articles/full_texts/txts/jeb.01758.txt,0.42,0.58,0.08000000000000002,non-human
aem.68.12.6310-6320.2002,/Users/antonhesse/Desktop/Anton/Education/UMN/Lab and Research/HSPL/CPET_scoping_review/data/cpet_articles/full_texts/txts/aem.68.12.6310-6320.2002.txt,0.13,0.87,0.37,non-human
ajpcell.1994.267.1.c255,/Users/antonhesse/Desktop/Anton/Education/UMN/Lab and Research/HSPL/CPET_scoping_review/data/cpet_articles/full_texts/txts/ajpcell.1994.267.1.c255.txt,0.34,0.66,0.15999999999999998,non-human
430034,/Users/antonhesse/Desktop/Anton/Education/UMN/Lab and Research/HSPL/CPET_scoping_review/data/cpet_articles/full_texts/txts/430034.txt,0.15,0.85,0.35,non-human
s41419-019-1767-y,/Users/antonhesse/Desktop/Anton/Education/UMN/Lab and Research/HSPL/CPET_scoping_review/data/cpet_articles/full_texts/txts/s41419-019-1767-y.txt,0.48,0.52,0.020000000000000018,non-human
0008-5472.can-11-3135,/Users/antonhesse/Desktop/Anton/Education/UMN/Lab and Research/HSPL/CPET_scoping_review/data/cpet_articles/full_texts/txts/0008-5472.can-11-3135.txt,0.41,0.59,0.09000000000000002,non-human
jfbi.2002.2106,/Users/antonhesse/Desktop/Anton/Education/UMN/Lab and Research/HSPL/CPET_scoping_review/data/cpet_articles/full_texts/txts/jfbi.2002.2106.txt,0.13,0.87,0.37,non-human
j.aquaculture.2016.05.015,/Users/antonhesse/Desktop/Anton/Education/UMN/Lab and Research/HSPL/CPET_scoping_review/data/cpet_articles/full_texts/txts/j.aquaculture.2016.05.015.txt,0.08,0.92,0.42,non-human
0043-1354_._91_._90161-i,/Users/antonhesse/Desktop/Anton/Education/UMN/Lab and Research/HSPL/CPET_scoping_review/data/cpet_articles/full_texts/txts/0043-1354_._91_._90161-i.txt,0.32,0.68,0.18,non-human
jbc.m115.691741,/Users/antonhesse/Desktop/Anton/Education/UMN/Lab and Research/HSPL/CPET_scoping_review/data/cpet_articles/full_texts/txts/jbc.m115.691741.txt,0.41,0.59,0.09000000000000002,non-human
jeb.01631,/Users/antonhesse/Desktop/Anton/Education/UMN/Lab and Research/HSPL/CPET_scoping_review/data/cpet_articles/full_texts/txts/jeb.01631.txt,0.3,0.7,0.2,non-human
s1054-3139_._03_._00070-5,/Users/antonhesse/Desktop/Anton/Education/UMN/Lab and Research/HSPL/CPET_scoping_review/data/cpet_articles/full_texts/txts/s1054-3139_._03_._00070-5.txt,0.25,0.75,0.25,non-human
s0380-1330_._04_._70330-5,/Users/antonhesse/Desktop/Anton/Education/UMN/Lab and Research/HSPL/CPET_scoping_review/data/cpet_articles/full_texts/txts/s0380-1330_._04_._70330-5.txt,0.15,0.85,0.35,non-human
0922-338x_._95_._90609-4,/Users/antonhesse/Desktop/Anton/Education/UMN/Lab and Research/HSPL/CPET_scoping_review/data/cpet_articles/full_texts/txts/0922-338x_._95_._90609-4.txt,0.36,0.64,0.14,non-human
s0022-3697_._01_._00061-0,/Users/antonhesse/Desktop/Anton/Education/UMN/Lab and Research/HSPL/CPET_scoping_review/data/cpet_articles/full_texts/txts/s0022-3697_._01_._00061-0.txt,0.36,0.64,0.14,non-human
