doi_suffix,file_path,pred_processing_details,pred_0.5
02640414.2016.1267386,/Users/antonhesse/Desktop/Anton/Education/UMN/Lab and Research/HSPL/CPET_scoping_review/data/cpet_articles/full_texts/txts/02640414.2016.1267386.txt,True,0.15999999999999998
01.mss.0000162617.18250.77,/Users/antonhesse/Desktop/Anton/Education/UMN/Lab and Research/HSPL/CPET_scoping_review/data/cpet_articles/full_texts/txts/01.mss.0000162617.18250.77.txt,True,0.15000000000000002
j.jsams.2021.07.013,/Users/antonhesse/Desktop/Anton/Education/UMN/Lab and Research/HSPL/CPET_scoping_review/data/cpet_articles/full_texts/txts/j.jsams.2021.07.013.txt,True,0.13
ijspp.1.4.361,/Users/antonhesse/Desktop/Anton/Education/UMN/Lab and Research/HSPL/CPET_scoping_review/data/cpet_articles/full_texts/txts/ijspp.1.4.361.txt,True,0.13
jsc.0b013e31823b8721,/Users/antonhesse/Desktop/Anton/Education/UMN/Lab and Research/HSPL/CPET_scoping_review/data/cpet_articles/full_texts/txts/jsc.0b013e31823b8721.txt,True,0.13
s0022-4707.18.07952-5,/Users/antonhesse/Desktop/Anton/Education/UMN/Lab and Research/HSPL/CPET_scoping_review/data/cpet_articles/full_texts/txts/s0022-4707.18.07952-5.txt,True,0.13
a-1481-8473,/Users/antonhesse/Desktop/Anton/Education/UMN/Lab and Research/HSPL/CPET_scoping_review/data/cpet_articles/full_texts/txts/a-1481-8473.txt,True,0.12
s-0042-109539,/Users/antonhesse/Desktop/Anton/Education/UMN/Lab and Research/HSPL/CPET_scoping_review/data/cpet_articles/full_texts/txts/s-0042-109539.txt,True,0.10999999999999999
jsc.0000000000003199,/Users/antonhesse/Desktop/Anton/Education/UMN/Lab and Research/HSPL/CPET_scoping_review/data/cpet_articles/full_texts/txts/jsc.0000000000003199.txt,True,0.10999999999999999
s00421-013-2625-8,/Users/antonhesse/Desktop/Anton/Education/UMN/Lab and Research/HSPL/CPET_scoping_review/data/cpet_articles/full_texts/txts/s00421-013-2625-8.txt,True,0.10999999999999999
fphys.2022.850768,/Users/antonhesse/Desktop/Anton/Education/UMN/Lab and Research/HSPL/CPET_scoping_review/data/cpet_articles/full_texts/txts/fphys.2022.850768.txt,True,0.09999999999999998
mss.0000000000001004,/Users/antonhesse/Desktop/Anton/Education/UMN/Lab and Research/HSPL/CPET_scoping_review/data/cpet_articles/full_texts/txts/mss.0000000000001004.txt,True,0.09999999999999998
s00421-021-04763-9,/Users/antonhesse/Desktop/Anton/Education/UMN/Lab and Research/HSPL/CPET_scoping_review/data/cpet_articles/full_texts/txts/s00421-021-04763-9.txt,True,0.09999999999999998
fphys.2021.662029,/Users/antonhesse/Desktop/Anton/Education/UMN/Lab and Research/HSPL/CPET_scoping_review/data/cpet_articles/full_texts/txts/fphys.2021.662029.txt,True,0.09000000000000002
ijspp.2014-0052,/Users/antonhesse/Desktop/Anton/Education/UMN/Lab and Research/HSPL/CPET_scoping_review/data/cpet_articles/full_texts/txts/ijspp.2014-0052.txt,True,0.09000000000000002
ajpregu.00396.2016,/Users/antonhesse/Desktop/Anton/Education/UMN/Lab and Research/HSPL/CPET_scoping_review/data/cpet_articles/full_texts/txts/ajpregu.00396.2016.txt,True,0.09000000000000002
ajpregu.00164.2019,/Users/antonhesse/Desktop/Anton/Education/UMN/Lab and Research/HSPL/CPET_scoping_review/data/cpet_articles/full_texts/txts/ajpregu.00164.2019.txt,True,0.09000000000000002
j.jshs.2016.01.002,/Users/antonhesse/Desktop/Anton/Education/UMN/Lab and Research/HSPL/CPET_scoping_review/data/cpet_articles/full_texts/txts/j.jshs.2016.01.002.txt,True,0.08000000000000002
jsc.0b013e3181e347b9,/Users/antonhesse/Desktop/Anton/Education/UMN/Lab and Research/HSPL/CPET_scoping_review/data/cpet_articles/full_texts/txts/jsc.0b013e3181e347b9.txt,True,0.08000000000000002
ijspp.2015-0292,/Users/antonhesse/Desktop/Anton/Education/UMN/Lab and Research/HSPL/CPET_scoping_review/data/cpet_articles/full_texts/txts/ijspp.2015-0292.txt,True,0.08000000000000002
s00421-010-1454-2,/Users/antonhesse/Desktop/Anton/Education/UMN/Lab and Research/HSPL/CPET_scoping_review/data/cpet_articles/full_texts/txts/s00421-010-1454-2.txt,True,0.08000000000000002
mss.0000000000000950,/Users/antonhesse/Desktop/Anton/Education/UMN/Lab and Research/HSPL/CPET_scoping_review/data/cpet_articles/full_texts/txts/mss.0000000000000950.txt,True,0.08000000000000002
expphysiol.2013.073635,/Users/antonhesse/Desktop/Anton/Education/UMN/Lab and Research/HSPL/CPET_scoping_review/data/cpet_articles/full_texts/txts/expphysiol.2013.073635.txt,True,0.08000000000000002
expphysiol.2005.031450,/Users/antonhesse/Desktop/Anton/Education/UMN/Lab and Research/HSPL/CPET_scoping_review/data/cpet_articles/full_texts/txts/expphysiol.2005.031450.txt,True,0.07
pes.24.3.347,/Users/antonhesse/Desktop/Anton/Education/UMN/Lab and Research/HSPL/CPET_scoping_review/data/cpet_articles/full_texts/txts/pes.24.3.347.txt,True,0.07
s-2005-865857,/Users/antonhesse/Desktop/Anton/Education/UMN/Lab and Research/HSPL/CPET_scoping_review/data/cpet_articles/full_texts/txts/s-2005-865857.txt,True,0.07
j.jsams.2018.11.018,/Users/antonhesse/Desktop/Anton/Education/UMN/Lab and Research/HSPL/CPET_scoping_review/data/cpet_articles/full_texts/txts/j.jsams.2018.11.018.txt,True,0.07
expphysiol.2008.045229,/Users/antonhesse/Desktop/Anton/Education/UMN/Lab and Research/HSPL/CPET_scoping_review/data/cpet_articles/full_texts/txts/expphysiol.2008.045229.txt,True,0.07
ijspp.2014-0059,/Users/antonhesse/Desktop/Anton/Education/UMN/Lab and Research/HSPL/CPET_scoping_review/data/cpet_articles/full_texts/txts/ijspp.2014-0059.txt,True,0.06
s-0030-1267192,/Users/antonhesse/Desktop/Anton/Education/UMN/Lab and Research/HSPL/CPET_scoping_review/data/cpet_articles/full_texts/txts/s-0030-1267192.txt,True,0.06
s00421-008-0884-6,/Users/antonhesse/Desktop/Anton/Education/UMN/Lab and Research/HSPL/CPET_scoping_review/data/cpet_articles/full_texts/txts/s00421-008-0884-6.txt,True,0.06
s00421-012-2405-x,/Users/antonhesse/Desktop/Anton/Education/UMN/Lab and Research/HSPL/CPET_scoping_review/data/cpet_articles/full_texts/txts/s00421-012-2405-x.txt,True,0.06
jphysiol.2004.071894,/Users/antonhesse/Desktop/Anton/Education/UMN/Lab and Research/HSPL/CPET_scoping_review/data/cpet_articles/full_texts/txts/jphysiol.2004.071894.txt,True,0.04999999999999999
japplphysiol.00742.2005,/Users/antonhesse/Desktop/Anton/Education/UMN/Lab and Research/HSPL/CPET_scoping_review/data/cpet_articles/full_texts/txts/japplphysiol.00742.2005.txt,True,0.04999999999999999
s00421-016-3467-y,/Users/antonhesse/Desktop/Anton/Education/UMN/Lab and Research/HSPL/CPET_scoping_review/data/cpet_articles/full_texts/txts/s00421-016-3467-y.txt,True,0.03999999999999998
bf00426150,/Users/antonhesse/Desktop/Anton/Education/UMN/Lab and Research/HSPL/CPET_scoping_review/data/cpet_articles/full_texts/txts/bf00426150.txt,True,0.03999999999999998
bjsm.2005.018101,/Users/antonhesse/Desktop/Anton/Education/UMN/Lab and Research/HSPL/CPET_scoping_review/data/cpet_articles/full_texts/txts/bjsm.2005.018101.txt,True,0.03999999999999998
journal.pone.0152389,/Users/antonhesse/Desktop/Anton/Education/UMN/Lab and Research/HSPL/CPET_scoping_review/data/cpet_articles/full_texts/txts/journal.pone.0152389.txt,True,0.03999999999999998
ijspp.2021-0047,/Users/antonhesse/Desktop/Anton/Education/UMN/Lab and Research/HSPL/CPET_scoping_review/data/cpet_articles/full_texts/txts/ijspp.2021-0047.txt,True,0.03999999999999998
s-2005-872963,/Users/antonhesse/Desktop/Anton/Education/UMN/Lab and Research/HSPL/CPET_scoping_review/data/cpet_articles/full_texts/txts/s-2005-872963.txt,True,0.03999999999999998
ijsnem.17.1.56,/Users/antonhesse/Desktop/Anton/Education/UMN/Lab and Research/HSPL/CPET_scoping_review/data/cpet_articles/full_texts/txts/ijsnem.17.1.56.txt,True,0.03999999999999998
s00421-020-04495-2,/Users/antonhesse/Desktop/Anton/Education/UMN/Lab and Research/HSPL/CPET_scoping_review/data/cpet_articles/full_texts/txts/s00421-020-04495-2.txt,True,0.03999999999999998
ep086352,/Users/antonhesse/Desktop/Anton/Education/UMN/Lab and Research/HSPL/CPET_scoping_review/data/cpet_articles/full_texts/txts/ep086352.txt,True,0.03999999999999998
298060a0,/Users/antonhesse/Desktop/Anton/Education/UMN/Lab and Research/HSPL/CPET_scoping_review/data/cpet_articles/full_texts/txts/298060a0.txt,True,0.03999999999999998
s00421-010-1541-4,/Users/antonhesse/Desktop/Anton/Education/UMN/Lab and Research/HSPL/CPET_scoping_review/data/cpet_articles/full_texts/txts/s00421-010-1541-4.txt,True,0.03999999999999998
j.jsams.2019.12.005,/Users/antonhesse/Desktop/Anton/Education/UMN/Lab and Research/HSPL/CPET_scoping_review/data/cpet_articles/full_texts/txts/j.jsams.2019.12.005.txt,True,0.030000000000000027
s00421-018-3851-x,/Users/antonhesse/Desktop/Anton/Education/UMN/Lab and Research/HSPL/CPET_scoping_review/data/cpet_articles/full_texts/txts/s00421-018-3851-x.txt,True,0.030000000000000027
00007256-200737040-00011,/Users/antonhesse/Desktop/Anton/Education/UMN/Lab and Research/HSPL/CPET_scoping_review/data/cpet_articles/full_texts/txts/00007256-200737040-00011.txt,True,0.030000000000000027
s-2001-11335,/Users/antonhesse/Desktop/Anton/Education/UMN/Lab and Research/HSPL/CPET_scoping_review/data/cpet_articles/full_texts/txts/s-2001-11335.txt,True,0.030000000000000027
jsc.0b013e3182a1f408,/Users/antonhesse/Desktop/Anton/Education/UMN/Lab and Research/HSPL/CPET_scoping_review/data/cpet_articles/full_texts/txts/jsc.0b013e3182a1f408.txt,True,0.030000000000000027
2047487314547658,/Users/antonhesse/Desktop/Anton/Education/UMN/Lab and Research/HSPL/CPET_scoping_review/data/cpet_articles/full_texts/txts/2047487314547658.txt,True,0.030000000000000027
j.rmed.2006.06.019,/Users/antonhesse/Desktop/Anton/Education/UMN/Lab and Research/HSPL/CPET_scoping_review/data/cpet_articles/full_texts/txts/j.rmed.2006.06.019.txt,True,0.030000000000000027
s-2007-989454,/Users/antonhesse/Desktop/Anton/Education/UMN/Lab and Research/HSPL/CPET_scoping_review/data/cpet_articles/full_texts/txts/s-2007-989454.txt,True,0.030000000000000027
ajpregu.00761.2010,/Users/antonhesse/Desktop/Anton/Education/UMN/Lab and Research/HSPL/CPET_scoping_review/data/cpet_articles/full_texts/txts/ajpregu.00761.2010.txt,True,0.030000000000000027
fphys.2019.01440,/Users/antonhesse/Desktop/Anton/Education/UMN/Lab and Research/HSPL/CPET_scoping_review/data/cpet_articles/full_texts/txts/fphys.2019.01440.txt,True,0.020000000000000018
ptj.20090023,/Users/antonhesse/Desktop/Anton/Education/UMN/Lab and Research/HSPL/CPET_scoping_review/data/cpet_articles/full_texts/txts/ptj.20090023.txt,True,0.020000000000000018
jsc.0000000000002332,/Users/antonhesse/Desktop/Anton/Education/UMN/Lab and Research/HSPL/CPET_scoping_review/data/cpet_articles/full_texts/txts/jsc.0000000000002332.txt,True,0.020000000000000018
000363767,/Users/antonhesse/Desktop/Anton/Education/UMN/Lab and Research/HSPL/CPET_scoping_review/data/cpet_articles/full_texts/txts/000363767.txt,True,0.020000000000000018
sms.13324,/Users/antonhesse/Desktop/Anton/Education/UMN/Lab and Research/HSPL/CPET_scoping_review/data/cpet_articles/full_texts/txts/sms.13324.txt,True,0.020000000000000018
s0100-879x2012001200024,/Users/antonhesse/Desktop/Anton/Education/UMN/Lab and Research/HSPL/CPET_scoping_review/data/cpet_articles/full_texts/txts/s0100-879x2012001200024.txt,True,0.020000000000000018
ijsnem.2014-0037,/Users/antonhesse/Desktop/Anton/Education/UMN/Lab and Research/HSPL/CPET_scoping_review/data/cpet_articles/full_texts/txts/ijsnem.2014-0037.txt,True,0.020000000000000018
s00421-019-04110-z,/Users/antonhesse/Desktop/Anton/Education/UMN/Lab and Research/HSPL/CPET_scoping_review/data/cpet_articles/full_texts/txts/s00421-019-04110-z.txt,True,0.020000000000000018
2193-1801-2-651,/Users/antonhesse/Desktop/Anton/Education/UMN/Lab and Research/HSPL/CPET_scoping_review/data/cpet_articles/full_texts/txts/2193-1801-2-651.txt,True,0.020000000000000018
h08-146,/Users/antonhesse/Desktop/Anton/Education/UMN/Lab and Research/HSPL/CPET_scoping_review/data/cpet_articles/full_texts/txts/h08-146.txt,True,0.010000000000000009
phy2.14389,/Users/antonhesse/Desktop/Anton/Education/UMN/Lab and Research/HSPL/CPET_scoping_review/data/cpet_articles/full_texts/txts/phy2.14389.txt,True,0.010000000000000009
j.nutres.2016.11.004,/Users/antonhesse/Desktop/Anton/Education/UMN/Lab and Research/HSPL/CPET_scoping_review/data/cpet_articles/full_texts/txts/j.nutres.2016.11.004.txt,True,0.010000000000000009
hrt.80.1.60,/Users/antonhesse/Desktop/Anton/Education/UMN/Lab and Research/HSPL/CPET_scoping_review/data/cpet_articles/full_texts/txts/hrt.80.1.60.txt,True,0.010000000000000009
s00421-021-04780-8,/Users/antonhesse/Desktop/Anton/Education/UMN/Lab and Research/HSPL/CPET_scoping_review/data/cpet_articles/full_texts/txts/s00421-021-04780-8.txt,True,0.010000000000000009
jsc.0000000000001004,/Users/antonhesse/Desktop/Anton/Education/UMN/Lab and Research/HSPL/CPET_scoping_review/data/cpet_articles/full_texts/txts/jsc.0000000000001004.txt,True,0.010000000000000009
journal.pone.0002943,/Users/antonhesse/Desktop/Anton/Education/UMN/Lab and Research/HSPL/CPET_scoping_review/data/cpet_articles/full_texts/txts/journal.pone.0002943.txt,True,0.010000000000000009
s-0043-111892,/Users/antonhesse/Desktop/Anton/Education/UMN/Lab and Research/HSPL/CPET_scoping_review/data/cpet_articles/full_texts/txts/s-0043-111892.txt,True,0.010000000000000009
jsc.0000000000001570,/Users/antonhesse/Desktop/Anton/Education/UMN/Lab and Research/HSPL/CPET_scoping_review/data/cpet_articles/full_texts/txts/jsc.0000000000001570.txt,True,0.010000000000000009
ptj_._81.11.1790,/Users/antonhesse/Desktop/Anton/Education/UMN/Lab and Research/HSPL/CPET_scoping_review/data/cpet_articles/full_texts/txts/ptj_._81.11.1790.txt,True,0.010000000000000009
s-2006-924348,/Users/antonhesse/Desktop/Anton/Education/UMN/Lab and Research/HSPL/CPET_scoping_review/data/cpet_articles/full_texts/txts/s-2006-924348.txt,True,0.010000000000000009
j.1532-5415.2009.02499.x,/Users/antonhesse/Desktop/Anton/Education/UMN/Lab and Research/HSPL/CPET_scoping_review/data/cpet_articles/full_texts/txts/j.1532-5415.2009.02499.x.txt,True,0.010000000000000009
jsc.0b013e3181d82d11,/Users/antonhesse/Desktop/Anton/Education/UMN/Lab and Research/HSPL/CPET_scoping_review/data/cpet_articles/full_texts/txts/jsc.0b013e3181d82d11.txt,True,0.0
01.mss.0000135977.12456.8f,/Users/antonhesse/Desktop/Anton/Education/UMN/Lab and Research/HSPL/CPET_scoping_review/data/cpet_articles/full_texts/txts/01.mss.0000135977.12456.8f.txt,True,0.0
j.apmr.2007.11.013,/Users/antonhesse/Desktop/Anton/Education/UMN/Lab and Research/HSPL/CPET_scoping_review/data/cpet_articles/full_texts/txts/j.apmr.2007.11.013.txt,True,0.0
j.apmr.2011.10.030,/Users/antonhesse/Desktop/Anton/Education/UMN/Lab and Research/HSPL/CPET_scoping_review/data/cpet_articles/full_texts/txts/j.apmr.2011.10.030.txt,True,0.0
1550-2783-9-8,/Users/antonhesse/Desktop/Anton/Education/UMN/Lab and Research/HSPL/CPET_scoping_review/data/cpet_articles/full_texts/txts/1550-2783-9-8.txt,True,0.0
jsc.0000000000001199,/Users/antonhesse/Desktop/Anton/Education/UMN/Lab and Research/HSPL/CPET_scoping_review/data/cpet_articles/full_texts/txts/jsc.0000000000001199.txt,True,0.0
ijerph17249361,/Users/antonhesse/Desktop/Anton/Education/UMN/Lab and Research/HSPL/CPET_scoping_review/data/cpet_articles/full_texts/txts/ijerph17249361.txt,True,0.0
s-2004-830440,/Users/antonhesse/Desktop/Anton/Education/UMN/Lab and Research/HSPL/CPET_scoping_review/data/cpet_articles/full_texts/txts/s-2004-830440.txt,True,0.0
jsc.0000000000000718,/Users/antonhesse/Desktop/Anton/Education/UMN/Lab and Research/HSPL/CPET_scoping_review/data/cpet_articles/full_texts/txts/jsc.0000000000000718.txt,True,0.0
mss.0b013e3181e05526,/Users/antonhesse/Desktop/Anton/Education/UMN/Lab and Research/HSPL/CPET_scoping_review/data/cpet_articles/full_texts/txts/mss.0b013e3181e05526.txt,True,0.0
ijspp.2014-0013,/Users/antonhesse/Desktop/Anton/Education/UMN/Lab and Research/HSPL/CPET_scoping_review/data/cpet_articles/full_texts/txts/ijspp.2014-0013.txt,True,0.0
0002-9149_._90_._91169-7,/Users/antonhesse/Desktop/Anton/Education/UMN/Lab and Research/HSPL/CPET_scoping_review/data/cpet_articles/full_texts/txts/0002-9149_._90_._91169-7.txt,True,0.0
02701367.2019.1660758,/Users/antonhesse/Desktop/Anton/Education/UMN/Lab and Research/HSPL/CPET_scoping_review/data/cpet_articles/full_texts/txts/02701367.2019.1660758.txt,True,0.0
japplphysiol.00187.2013,/Users/antonhesse/Desktop/Anton/Education/UMN/Lab and Research/HSPL/CPET_scoping_review/data/cpet_articles/full_texts/txts/japplphysiol.00187.2013.txt,True,0.0
000339504,/Users/antonhesse/Desktop/Anton/Education/UMN/Lab and Research/HSPL/CPET_scoping_review/data/cpet_articles/full_texts/txts/000339504.txt,False,0.4
j.jsams.2006.07.013,/Users/antonhesse/Desktop/Anton/Education/UMN/Lab and Research/HSPL/CPET_scoping_review/data/cpet_articles/full_texts/txts/j.jsams.2006.07.013.txt,False,0.38
j.jsams.2006.03.024,/Users/antonhesse/Desktop/Anton/Education/UMN/Lab and Research/HSPL/CPET_scoping_review/data/cpet_articles/full_texts/txts/j.jsams.2006.03.024.txt,False,0.37
jcma.0000000000000406,/Users/antonhesse/Desktop/Anton/Education/UMN/Lab and Research/HSPL/CPET_scoping_review/data/cpet_articles/full_texts/txts/jcma.0000000000000406.txt,False,0.33999999999999997
00005768-199609000-00013,/Users/antonhesse/Desktop/Anton/Education/UMN/Lab and Research/HSPL/CPET_scoping_review/data/cpet_articles/full_texts/txts/00005768-199609000-00013.txt,False,0.33999999999999997
ajpendo.00099.2007,/Users/antonhesse/Desktop/Anton/Education/UMN/Lab and Research/HSPL/CPET_scoping_review/data/cpet_articles/full_texts/txts/ajpendo.00099.2007.txt,False,0.33999999999999997
j.1442-200x.2007.02320.x,/Users/antonhesse/Desktop/Anton/Education/UMN/Lab and Research/HSPL/CPET_scoping_review/data/cpet_articles/full_texts/txts/j.1442-200x.2007.02320.x.txt,False,0.31999999999999995
j.metabol.2005.11.006,/Users/antonhesse/Desktop/Anton/Education/UMN/Lab and Research/HSPL/CPET_scoping_review/data/cpet_articles/full_texts/txts/j.metabol.2005.11.006.txt,False,0.31000000000000005
jhh.2010.62,/Users/antonhesse/Desktop/Anton/Education/UMN/Lab and Research/HSPL/CPET_scoping_review/data/cpet_articles/full_texts/txts/jhh.2010.62.txt,False,0.31000000000000005
ajpheart.00275.2016,/Users/antonhesse/Desktop/Anton/Education/UMN/Lab and Research/HSPL/CPET_scoping_review/data/cpet_articles/full_texts/txts/ajpheart.00275.2016.txt,False,0.31000000000000005
mss.0b013e31818c6be9,/Users/antonhesse/Desktop/Anton/Education/UMN/Lab and Research/HSPL/CPET_scoping_review/data/cpet_articles/full_texts/txts/mss.0b013e31818c6be9.txt,False,0.31000000000000005
jphysiol.1993.sp019923,/Users/antonhesse/Desktop/Anton/Education/UMN/Lab and Research/HSPL/CPET_scoping_review/data/cpet_articles/full_texts/txts/jphysiol.1993.sp019923.txt,False,0.31000000000000005
1742-4682-11-25,/Users/antonhesse/Desktop/Anton/Education/UMN/Lab and Research/HSPL/CPET_scoping_review/data/cpet_articles/full_texts/txts/1742-4682-11-25.txt,False,0.30000000000000004
jphysiol.2010.204461,/Users/antonhesse/Desktop/Anton/Education/UMN/Lab and Research/HSPL/CPET_scoping_review/data/cpet_articles/full_texts/txts/jphysiol.2010.204461.txt,False,0.30000000000000004
j.nut.2018.01.015,/Users/antonhesse/Desktop/Anton/Education/UMN/Lab and Research/HSPL/CPET_scoping_review/data/cpet_articles/full_texts/txts/j.nut.2018.01.015.txt,False,0.30000000000000004
2015_._192479,/Users/antonhesse/Desktop/Anton/Education/UMN/Lab and Research/HSPL/CPET_scoping_review/data/cpet_articles/full_texts/txts/2015_._192479.txt,False,0.29000000000000004
jphysiol.2002.019380,/Users/antonhesse/Desktop/Anton/Education/UMN/Lab and Research/HSPL/CPET_scoping_review/data/cpet_articles/full_texts/txts/jphysiol.2002.019380.txt,False,0.29000000000000004
j.wem.2014.12.001,/Users/antonhesse/Desktop/Anton/Education/UMN/Lab and Research/HSPL/CPET_scoping_review/data/cpet_articles/full_texts/txts/j.wem.2014.12.001.txt,False,0.29000000000000004
s00421-003-0864-9,/Users/antonhesse/Desktop/Anton/Education/UMN/Lab and Research/HSPL/CPET_scoping_review/data/cpet_articles/full_texts/txts/s00421-003-0864-9.txt,False,0.29000000000000004
hsr2.14,/Users/antonhesse/Desktop/Anton/Education/UMN/Lab and Research/HSPL/CPET_scoping_review/data/cpet_articles/full_texts/txts/hsr2.14.txt,False,0.28
chest.114.1.12,/Users/antonhesse/Desktop/Anton/Education/UMN/Lab and Research/HSPL/CPET_scoping_review/data/cpet_articles/full_texts/txts/chest.114.1.12.txt,False,0.28
mss.0b013e3181eb6147,/Users/antonhesse/Desktop/Anton/Education/UMN/Lab and Research/HSPL/CPET_scoping_review/data/cpet_articles/full_texts/txts/mss.0b013e3181eb6147.txt,False,0.27
apnm-2017-0361,/Users/antonhesse/Desktop/Anton/Education/UMN/Lab and Research/HSPL/CPET_scoping_review/data/cpet_articles/full_texts/txts/apnm-2017-0361.txt,False,0.27
japplphysiol.01025.2009,/Users/antonhesse/Desktop/Anton/Education/UMN/Lab and Research/HSPL/CPET_scoping_review/data/cpet_articles/full_texts/txts/japplphysiol.01025.2009.txt,False,0.26
2015_._732090,/Users/antonhesse/Desktop/Anton/Education/UMN/Lab and Research/HSPL/CPET_scoping_review/data/cpet_articles/full_texts/txts/2015_._732090.txt,False,0.26
s004210050340,/Users/antonhesse/Desktop/Anton/Education/UMN/Lab and Research/HSPL/CPET_scoping_review/data/cpet_articles/full_texts/txts/s004210050340.txt,False,0.26
s00421-003-0810-x,/Users/antonhesse/Desktop/Anton/Education/UMN/Lab and Research/HSPL/CPET_scoping_review/data/cpet_articles/full_texts/txts/s00421-003-0810-x.txt,False,0.26
mss.0b013e31812e5294,/Users/antonhesse/Desktop/Anton/Education/UMN/Lab and Research/HSPL/CPET_scoping_review/data/cpet_articles/full_texts/txts/mss.0b013e31812e5294.txt,False,0.25
0735-1097_._91_._90703-c,/Users/antonhesse/Desktop/Anton/Education/UMN/Lab and Research/HSPL/CPET_scoping_review/data/cpet_articles/full_texts/txts/0735-1097_._91_._90703-c.txt,False,0.25
cs0920331,/Users/antonhesse/Desktop/Anton/Education/UMN/Lab and Research/HSPL/CPET_scoping_review/data/cpet_articles/full_texts/txts/cs0920331.txt,False,0.25
embc.2012.6346030,/Users/antonhesse/Desktop/Anton/Education/UMN/Lab and Research/HSPL/CPET_scoping_review/data/cpet_articles/full_texts/txts/embc.2012.6346030.txt,False,0.25
s00421-011-1950-z,/Users/antonhesse/Desktop/Anton/Education/UMN/Lab and Research/HSPL/CPET_scoping_review/data/cpet_articles/full_texts/txts/s00421-011-1950-z.txt,False,0.25
ijsnem.2021-0013,/Users/antonhesse/Desktop/Anton/Education/UMN/Lab and Research/HSPL/CPET_scoping_review/data/cpet_articles/full_texts/txts/ijsnem.2021-0013.txt,False,0.25
eurheartj_._ehq058,/Users/antonhesse/Desktop/Anton/Education/UMN/Lab and Research/HSPL/CPET_scoping_review/data/cpet_articles/full_texts/txts/eurheartj_._ehq058.txt,False,0.25
jsc.0b013e31821d5f31,/Users/antonhesse/Desktop/Anton/Education/UMN/Lab and Research/HSPL/CPET_scoping_review/data/cpet_articles/full_texts/txts/jsc.0b013e31821d5f31.txt,False,0.25
jsc.0b013e31823f8b71,/Users/antonhesse/Desktop/Anton/Education/UMN/Lab and Research/HSPL/CPET_scoping_review/data/cpet_articles/full_texts/txts/jsc.0b013e31823f8b71.txt,False,0.25
bjsports-2012-091078,/Users/antonhesse/Desktop/Anton/Education/UMN/Lab and Research/HSPL/CPET_scoping_review/data/cpet_articles/full_texts/txts/bjsports-2012-091078.txt,False,0.25
nu12123866,/Users/antonhesse/Desktop/Anton/Education/UMN/Lab and Research/HSPL/CPET_scoping_review/data/cpet_articles/full_texts/txts/nu12123866.txt,False,0.25
bjsm.27.3.202,/Users/antonhesse/Desktop/Anton/Education/UMN/Lab and Research/HSPL/CPET_scoping_review/data/cpet_articles/full_texts/txts/bjsm.27.3.202.txt,False,0.24
s00421-005-1332-5,/Users/antonhesse/Desktop/Anton/Education/UMN/Lab and Research/HSPL/CPET_scoping_review/data/cpet_articles/full_texts/txts/s00421-005-1332-5.txt,False,0.24
ajpheart.00711.2013,/Users/antonhesse/Desktop/Anton/Education/UMN/Lab and Research/HSPL/CPET_scoping_review/data/cpet_articles/full_texts/txts/ajpheart.00711.2013.txt,False,0.24
journal.pone.0017007,/Users/antonhesse/Desktop/Anton/Education/UMN/Lab and Research/HSPL/CPET_scoping_review/data/cpet_articles/full_texts/txts/journal.pone.0017007.txt,False,0.24
j.1365-2281.2001.00313.x,/Users/antonhesse/Desktop/Anton/Education/UMN/Lab and Research/HSPL/CPET_scoping_review/data/cpet_articles/full_texts/txts/j.1365-2281.2001.00313.x.txt,False,0.22999999999999998
jpa.22.137,/Users/antonhesse/Desktop/Anton/Education/UMN/Lab and Research/HSPL/CPET_scoping_review/data/cpet_articles/full_texts/txts/jpa.22.137.txt,False,0.22999999999999998
s0026-0495_._03_._00312-3,/Users/antonhesse/Desktop/Anton/Education/UMN/Lab and Research/HSPL/CPET_scoping_review/data/cpet_articles/full_texts/txts/s0026-0495_._03_._00312-3.txt,False,0.22999999999999998
chest.106.6.1740,/Users/antonhesse/Desktop/Anton/Education/UMN/Lab and Research/HSPL/CPET_scoping_review/data/cpet_articles/full_texts/txts/chest.106.6.1740.txt,False,0.22999999999999998
jsc.0000000000003034,/Users/antonhesse/Desktop/Anton/Education/UMN/Lab and Research/HSPL/CPET_scoping_review/data/cpet_articles/full_texts/txts/jsc.0000000000003034.txt,False,0.22999999999999998
japplphysiol.00328.2019,/Users/antonhesse/Desktop/Anton/Education/UMN/Lab and Research/HSPL/CPET_scoping_review/data/cpet_articles/full_texts/txts/japplphysiol.00328.2019.txt,False,0.22999999999999998
2047487312444372,/Users/antonhesse/Desktop/Anton/Education/UMN/Lab and Research/HSPL/CPET_scoping_review/data/cpet_articles/full_texts/txts/2047487312444372.txt,False,0.21999999999999997
oby.2006.137,/Users/antonhesse/Desktop/Anton/Education/UMN/Lab and Research/HSPL/CPET_scoping_review/data/cpet_articles/full_texts/txts/oby.2006.137.txt,False,0.21999999999999997
mss.0000000000002895,/Users/antonhesse/Desktop/Anton/Education/UMN/Lab and Research/HSPL/CPET_scoping_review/data/cpet_articles/full_texts/txts/mss.0000000000002895.txt,False,0.21999999999999997
jphysiol.2007.142273,/Users/antonhesse/Desktop/Anton/Education/UMN/Lab and Research/HSPL/CPET_scoping_review/data/cpet_articles/full_texts/txts/jphysiol.2007.142273.txt,False,0.21999999999999997
j.ijcard.2009.07.035,/Users/antonhesse/Desktop/Anton/Education/UMN/Lab and Research/HSPL/CPET_scoping_review/data/cpet_articles/full_texts/txts/j.ijcard.2009.07.035.txt,False,0.21999999999999997
ijo.2014.22,/Users/antonhesse/Desktop/Anton/Education/UMN/Lab and Research/HSPL/CPET_scoping_review/data/cpet_articles/full_texts/txts/ijo.2014.22.txt,False,0.21999999999999997
s00421-014-2955-1,/Users/antonhesse/Desktop/Anton/Education/UMN/Lab and Research/HSPL/CPET_scoping_review/data/cpet_articles/full_texts/txts/s00421-014-2955-1.txt,False,0.21999999999999997
japplphysiol.01202.2012,/Users/antonhesse/Desktop/Anton/Education/UMN/Lab and Research/HSPL/CPET_scoping_review/data/cpet_articles/full_texts/txts/japplphysiol.01202.2012.txt,False,0.21999999999999997
bjsm.28.1.43,/Users/antonhesse/Desktop/Anton/Education/UMN/Lab and Research/HSPL/CPET_scoping_review/data/cpet_articles/full_texts/txts/bjsm.28.1.43.txt,False,0.21999999999999997
phy2.13724,/Users/antonhesse/Desktop/Anton/Education/UMN/Lab and Research/HSPL/CPET_scoping_review/data/cpet_articles/full_texts/txts/phy2.13724.txt,False,0.21999999999999997
s0899-9007_._01_._00522-6,/Users/antonhesse/Desktop/Anton/Education/UMN/Lab and Research/HSPL/CPET_scoping_review/data/cpet_articles/full_texts/txts/s0899-9007_._01_._00522-6.txt,False,0.21999999999999997
j.jsams.2013.11.008,/Users/antonhesse/Desktop/Anton/Education/UMN/Lab and Research/HSPL/CPET_scoping_review/data/cpet_articles/full_texts/txts/j.jsams.2013.11.008.txt,False,0.21999999999999997
ijsnem.2015-0137,/Users/antonhesse/Desktop/Anton/Education/UMN/Lab and Research/HSPL/CPET_scoping_review/data/cpet_articles/full_texts/txts/ijsnem.2015-0137.txt,False,0.21999999999999997
j.1475-097x.2007.00729.x,/Users/antonhesse/Desktop/Anton/Education/UMN/Lab and Research/HSPL/CPET_scoping_review/data/cpet_articles/full_texts/txts/j.1475-097x.2007.00729.x.txt,False,0.20999999999999996
mss.0b013e3181857ee6,/Users/antonhesse/Desktop/Anton/Education/UMN/Lab and Research/HSPL/CPET_scoping_review/data/cpet_articles/full_texts/txts/mss.0b013e3181857ee6.txt,False,0.20999999999999996
j.jsams.2013.09.005,/Users/antonhesse/Desktop/Anton/Education/UMN/Lab and Research/HSPL/CPET_scoping_review/data/cpet_articles/full_texts/txts/j.jsams.2013.09.005.txt,False,0.20999999999999996
jbhi.2015.2390493,/Users/antonhesse/Desktop/Anton/Education/UMN/Lab and Research/HSPL/CPET_scoping_review/data/cpet_articles/full_texts/txts/jbhi.2015.2390493.txt,False,0.20999999999999996
chest.119.4.1073,/Users/antonhesse/Desktop/Anton/Education/UMN/Lab and Research/HSPL/CPET_scoping_review/data/cpet_articles/full_texts/txts/chest.119.4.1073.txt,False,0.20999999999999996
s0002-9149_._98_._00979-5,/Users/antonhesse/Desktop/Anton/Education/UMN/Lab and Research/HSPL/CPET_scoping_review/data/cpet_articles/full_texts/txts/s0002-9149_._98_._00979-5.txt,False,0.20999999999999996
s004210100472,/Users/antonhesse/Desktop/Anton/Education/UMN/Lab and Research/HSPL/CPET_scoping_review/data/cpet_articles/full_texts/txts/s004210100472.txt,False,0.20999999999999996
00005768-199802000-00002,/Users/antonhesse/Desktop/Anton/Education/UMN/Lab and Research/HSPL/CPET_scoping_review/data/cpet_articles/full_texts/txts/00005768-199802000-00002.txt,False,0.20999999999999996
jphysiol.2004.060574,/Users/antonhesse/Desktop/Anton/Education/UMN/Lab and Research/HSPL/CPET_scoping_review/data/cpet_articles/full_texts/txts/jphysiol.2004.060574.txt,False,0.20999999999999996
j.jpeds.2019.08.010,/Users/antonhesse/Desktop/Anton/Education/UMN/Lab and Research/HSPL/CPET_scoping_review/data/cpet_articles/full_texts/txts/j.jpeds.2019.08.010.txt,False,0.20999999999999996
nu10091318,/Users/antonhesse/Desktop/Anton/Education/UMN/Lab and Research/HSPL/CPET_scoping_review/data/cpet_articles/full_texts/txts/nu10091318.txt,False,0.20999999999999996
jmf.2010.1534,/Users/antonhesse/Desktop/Anton/Education/UMN/Lab and Research/HSPL/CPET_scoping_review/data/cpet_articles/full_texts/txts/jmf.2010.1534.txt,False,0.20999999999999996
00124278-200702000-00021,/Users/antonhesse/Desktop/Anton/Education/UMN/Lab and Research/HSPL/CPET_scoping_review/data/cpet_articles/full_texts/txts/00124278-200702000-00021.txt,False,0.20999999999999996
eurheartj_._ehm021,/Users/antonhesse/Desktop/Anton/Education/UMN/Lab and Research/HSPL/CPET_scoping_review/data/cpet_articles/full_texts/txts/eurheartj_._ehm021.txt,False,0.20999999999999996
chest.128.4.2563,/Users/antonhesse/Desktop/Anton/Education/UMN/Lab and Research/HSPL/CPET_scoping_review/data/cpet_articles/full_texts/txts/chest.128.4.2563.txt,False,0.19999999999999996
978-1-4939-3023-4_12,/Users/antonhesse/Desktop/Anton/Education/UMN/Lab and Research/HSPL/CPET_scoping_review/data/cpet_articles/full_texts/txts/978-1-4939-3023-4_12.txt,False,0.19999999999999996
s00246-005-1225-8,/Users/antonhesse/Desktop/Anton/Education/UMN/Lab and Research/HSPL/CPET_scoping_review/data/cpet_articles/full_texts/txts/s00246-005-1225-8.txt,False,0.19999999999999996
s11332-020-00706-7,/Users/antonhesse/Desktop/Anton/Education/UMN/Lab and Research/HSPL/CPET_scoping_review/data/cpet_articles/full_texts/txts/s11332-020-00706-7.txt,False,0.19999999999999996
j.physbeh.2016.03.029,/Users/antonhesse/Desktop/Anton/Education/UMN/Lab and Research/HSPL/CPET_scoping_review/data/cpet_articles/full_texts/txts/j.physbeh.2016.03.029.txt,False,0.19999999999999996
s12192-010-0192-z,/Users/antonhesse/Desktop/Anton/Education/UMN/Lab and Research/HSPL/CPET_scoping_review/data/cpet_articles/full_texts/txts/s12192-010-0192-z.txt,False,0.19999999999999996
s0735-1097_._02_._02132-0,/Users/antonhesse/Desktop/Anton/Education/UMN/Lab and Research/HSPL/CPET_scoping_review/data/cpet_articles/full_texts/txts/s0735-1097_._02_._02132-0.txt,False,0.19999999999999996
ptj_._pzz122,/Users/antonhesse/Desktop/Anton/Education/UMN/Lab and Research/HSPL/CPET_scoping_review/data/cpet_articles/full_texts/txts/ptj_._pzz122.txt,False,0.19999999999999996
ijsnem.2018-0024,/Users/antonhesse/Desktop/Anton/Education/UMN/Lab and Research/HSPL/CPET_scoping_review/data/cpet_articles/full_texts/txts/ijsnem.2018-0024.txt,False,0.19999999999999996
bjsm.2006.027839,/Users/antonhesse/Desktop/Anton/Education/UMN/Lab and Research/HSPL/CPET_scoping_review/data/cpet_articles/full_texts/txts/bjsm.2006.027839.txt,False,0.19999999999999996
nu11123051,/Users/antonhesse/Desktop/Anton/Education/UMN/Lab and Research/HSPL/CPET_scoping_review/data/cpet_articles/full_texts/txts/nu11123051.txt,False,0.19999999999999996
chest.102.1.112,/Users/antonhesse/Desktop/Anton/Education/UMN/Lab and Research/HSPL/CPET_scoping_review/data/cpet_articles/full_texts/txts/chest.102.1.112.txt,False,0.18999999999999995
j.apmr.2011.08.019,/Users/antonhesse/Desktop/Anton/Education/UMN/Lab and Research/HSPL/CPET_scoping_review/data/cpet_articles/full_texts/txts/j.apmr.2011.08.019.txt,False,0.18999999999999995
00005768-200111000-00006,/Users/antonhesse/Desktop/Anton/Education/UMN/Lab and Research/HSPL/CPET_scoping_review/data/cpet_articles/full_texts/txts/00005768-200111000-00006.txt,False,0.18999999999999995
apnm-2016-0518,/Users/antonhesse/Desktop/Anton/Education/UMN/Lab and Research/HSPL/CPET_scoping_review/data/cpet_articles/full_texts/txts/apnm-2016-0518.txt,False,0.18999999999999995
s-2007-971125,/Users/antonhesse/Desktop/Anton/Education/UMN/Lab and Research/HSPL/CPET_scoping_review/data/cpet_articles/full_texts/txts/s-2007-971125.txt,False,0.18999999999999995
00005768-199704000-00011,/Users/antonhesse/Desktop/Anton/Education/UMN/Lab and Research/HSPL/CPET_scoping_review/data/cpet_articles/full_texts/txts/00005768-199704000-00011.txt,False,0.18999999999999995
j.ahj.2013.12.021,/Users/antonhesse/Desktop/Anton/Education/UMN/Lab and Research/HSPL/CPET_scoping_review/data/cpet_articles/full_texts/txts/j.ahj.2013.12.021.txt,False,0.18999999999999995
00005768-200010000-00012,/Users/antonhesse/Desktop/Anton/Education/UMN/Lab and Research/HSPL/CPET_scoping_review/data/cpet_articles/full_texts/txts/00005768-200010000-00012.txt,False,0.18999999999999995
00005768-200204000-00010,/Users/antonhesse/Desktop/Anton/Education/UMN/Lab and Research/HSPL/CPET_scoping_review/data/cpet_articles/full_texts/txts/00005768-200204000-00010.txt,False,0.18000000000000005
s0002-8703_._97_._70058-9,/Users/antonhesse/Desktop/Anton/Education/UMN/Lab and Research/HSPL/CPET_scoping_review/data/cpet_articles/full_texts/txts/s0002-8703_._97_._70058-9.txt,False,0.18000000000000005
japplphysiol.00754.2021,/Users/antonhesse/Desktop/Anton/Education/UMN/Lab and Research/HSPL/CPET_scoping_review/data/cpet_articles/full_texts/txts/japplphysiol.00754.2021.txt,False,0.18000000000000005
j.ghir.2013.10.001,/Users/antonhesse/Desktop/Anton/Education/UMN/Lab and Research/HSPL/CPET_scoping_review/data/cpet_articles/full_texts/txts/j.ghir.2013.10.001.txt,False,0.18000000000000005
01.jsm.0000244610.34594.07,/Users/antonhesse/Desktop/Anton/Education/UMN/Lab and Research/HSPL/CPET_scoping_review/data/cpet_articles/full_texts/txts/01.jsm.0000244610.34594.07.txt,False,0.18000000000000005
0735-1097_._93_._90355-5,/Users/antonhesse/Desktop/Anton/Education/UMN/Lab and Research/HSPL/CPET_scoping_review/data/cpet_articles/full_texts/txts/0735-1097_._93_._90355-5.txt,False,0.18000000000000005
s004210050420,/Users/antonhesse/Desktop/Anton/Education/UMN/Lab and Research/HSPL/CPET_scoping_review/data/cpet_articles/full_texts/txts/s004210050420.txt,False,0.18000000000000005
s-2007-964891,/Users/antonhesse/Desktop/Anton/Education/UMN/Lab and Research/HSPL/CPET_scoping_review/data/cpet_articles/full_texts/txts/s-2007-964891.txt,False,0.18000000000000005
ajpregu.00467.2012,/Users/antonhesse/Desktop/Anton/Education/UMN/Lab and Research/HSPL/CPET_scoping_review/data/cpet_articles/full_texts/txts/ajpregu.00467.2012.txt,False,0.18000000000000005
journal.pone.0153617,/Users/antonhesse/Desktop/Anton/Education/UMN/Lab and Research/HSPL/CPET_scoping_review/data/cpet_articles/full_texts/txts/journal.pone.0153617.txt,False,0.18000000000000005
0002-9149_._87_._90943-x,/Users/antonhesse/Desktop/Anton/Education/UMN/Lab and Research/HSPL/CPET_scoping_review/data/cpet_articles/full_texts/txts/0002-9149_._87_._90943-x.txt,False,0.18000000000000005
fphys.2018.01048,/Users/antonhesse/Desktop/Anton/Education/UMN/Lab and Research/HSPL/CPET_scoping_review/data/cpet_articles/full_texts/txts/fphys.2018.01048.txt,False,0.18000000000000005
j.hrthm.2015.01.032,/Users/antonhesse/Desktop/Anton/Education/UMN/Lab and Research/HSPL/CPET_scoping_review/data/cpet_articles/full_texts/txts/j.hrthm.2015.01.032.txt,False,0.18000000000000005
mss.0b013e31819e2f91,/Users/antonhesse/Desktop/Anton/Education/UMN/Lab and Research/HSPL/CPET_scoping_review/data/cpet_articles/full_texts/txts/mss.0b013e31819e2f91.txt,False,0.18000000000000005
jsc.0b013e3182132df7,/Users/antonhesse/Desktop/Anton/Education/UMN/Lab and Research/HSPL/CPET_scoping_review/data/cpet_articles/full_texts/txts/jsc.0b013e3182132df7.txt,False,0.18000000000000005
s00421-005-1374-8,/Users/antonhesse/Desktop/Anton/Education/UMN/Lab and Research/HSPL/CPET_scoping_review/data/cpet_articles/full_texts/txts/s00421-005-1374-8.txt,False,0.18000000000000005
2046-7648-2-7,/Users/antonhesse/Desktop/Anton/Education/UMN/Lab and Research/HSPL/CPET_scoping_review/data/cpet_articles/full_texts/txts/2046-7648-2-7.txt,False,0.17000000000000004
s0039-6109_._16_._44037-5,/Users/antonhesse/Desktop/Anton/Education/UMN/Lab and Research/HSPL/CPET_scoping_review/data/cpet_articles/full_texts/txts/s0039-6109_._16_._44037-5.txt,False,0.17000000000000004
s00421-011-1827-1,/Users/antonhesse/Desktop/Anton/Education/UMN/Lab and Research/HSPL/CPET_scoping_review/data/cpet_articles/full_texts/txts/s00421-011-1827-1.txt,False,0.17000000000000004
jphysiol.2008.162271,/Users/antonhesse/Desktop/Anton/Education/UMN/Lab and Research/HSPL/CPET_scoping_review/data/cpet_articles/full_texts/txts/jphysiol.2008.162271.txt,False,0.17000000000000004
jappl.1983.54.2.387,/Users/antonhesse/Desktop/Anton/Education/UMN/Lab and Research/HSPL/CPET_scoping_review/data/cpet_articles/full_texts/txts/jappl.1983.54.2.387.txt,False,0.17000000000000004
sms.12365,/Users/antonhesse/Desktop/Anton/Education/UMN/Lab and Research/HSPL/CPET_scoping_review/data/cpet_articles/full_texts/txts/sms.12365.txt,False,0.17000000000000004
j.arth.2013.04.039,/Users/antonhesse/Desktop/Anton/Education/UMN/Lab and Research/HSPL/CPET_scoping_review/data/cpet_articles/full_texts/txts/j.arth.2013.04.039.txt,False,0.17000000000000004
s00421-010-1661-x,/Users/antonhesse/Desktop/Anton/Education/UMN/Lab and Research/HSPL/CPET_scoping_review/data/cpet_articles/full_texts/txts/s00421-010-1661-x.txt,False,0.17000000000000004
japplphysiol.00985.2009,/Users/antonhesse/Desktop/Anton/Education/UMN/Lab and Research/HSPL/CPET_scoping_review/data/cpet_articles/full_texts/txts/japplphysiol.00985.2009.txt,False,0.17000000000000004
phy2.13506,/Users/antonhesse/Desktop/Anton/Education/UMN/Lab and Research/HSPL/CPET_scoping_review/data/cpet_articles/full_texts/txts/phy2.13506.txt,False,0.17000000000000004
japplphysiol.00715.2003,/Users/antonhesse/Desktop/Anton/Education/UMN/Lab and Research/HSPL/CPET_scoping_review/data/cpet_articles/full_texts/txts/japplphysiol.00715.2003.txt,False,0.17000000000000004
s0002-9149_._98_._00573-6,/Users/antonhesse/Desktop/Anton/Education/UMN/Lab and Research/HSPL/CPET_scoping_review/data/cpet_articles/full_texts/txts/s0002-9149_._98_._00573-6.txt,False,0.17000000000000004
j.jtherbio.2020.102746,/Users/antonhesse/Desktop/Anton/Education/UMN/Lab and Research/HSPL/CPET_scoping_review/data/cpet_articles/full_texts/txts/j.jtherbio.2020.102746.txt,False,0.17000000000000004
sms.13059,/Users/antonhesse/Desktop/Anton/Education/UMN/Lab and Research/HSPL/CPET_scoping_review/data/cpet_articles/full_texts/txts/sms.13059.txt,False,0.17000000000000004
s00421-006-0287-5,/Users/antonhesse/Desktop/Anton/Education/UMN/Lab and Research/HSPL/CPET_scoping_review/data/cpet_articles/full_texts/txts/s00421-006-0287-5.txt,False,0.17000000000000004
j.athoracsur.2015.04.028,/Users/antonhesse/Desktop/Anton/Education/UMN/Lab and Research/HSPL/CPET_scoping_review/data/cpet_articles/full_texts/txts/j.athoracsur.2015.04.028.txt,False,0.17000000000000004
01.mss.0000177217.12977.2f,/Users/antonhesse/Desktop/Anton/Education/UMN/Lab and Research/HSPL/CPET_scoping_review/data/cpet_articles/full_texts/txts/01.mss.0000177217.12977.2f.txt,False,0.17000000000000004
japplphysiol.00799.2006,/Users/antonhesse/Desktop/Anton/Education/UMN/Lab and Research/HSPL/CPET_scoping_review/data/cpet_articles/full_texts/txts/japplphysiol.00799.2006.txt,False,0.17000000000000004
vsp150901326s,/Users/antonhesse/Desktop/Anton/Education/UMN/Lab and Research/HSPL/CPET_scoping_review/data/cpet_articles/full_texts/txts/vsp150901326s.txt,False,0.17000000000000004
cob.12276,/Users/antonhesse/Desktop/Anton/Education/UMN/Lab and Research/HSPL/CPET_scoping_review/data/cpet_articles/full_texts/txts/cob.12276.txt,False,0.17000000000000004
sj.sc.3101566,/Users/antonhesse/Desktop/Anton/Education/UMN/Lab and Research/HSPL/CPET_scoping_review/data/cpet_articles/full_texts/txts/sj.sc.3101566.txt,False,0.17000000000000004
ajpregu.00104.2019,/Users/antonhesse/Desktop/Anton/Education/UMN/Lab and Research/HSPL/CPET_scoping_review/data/cpet_articles/full_texts/txts/ajpregu.00104.2019.txt,False,0.17000000000000004
j.jsams.2013.04.015,/Users/antonhesse/Desktop/Anton/Education/UMN/Lab and Research/HSPL/CPET_scoping_review/data/cpet_articles/full_texts/txts/j.jsams.2013.04.015.txt,False,0.16000000000000003
s0735-1097_._00_._00815-9,/Users/antonhesse/Desktop/Anton/Education/UMN/Lab and Research/HSPL/CPET_scoping_review/data/cpet_articles/full_texts/txts/s0735-1097_._00_._00815-9.txt,False,0.16000000000000003
journal.pone.0071219,/Users/antonhesse/Desktop/Anton/Education/UMN/Lab and Research/HSPL/CPET_scoping_review/data/cpet_articles/full_texts/txts/journal.pone.0071219.txt,False,0.16000000000000003
chest.128.5.3428,/Users/antonhesse/Desktop/Anton/Education/UMN/Lab and Research/HSPL/CPET_scoping_review/data/cpet_articles/full_texts/txts/chest.128.5.3428.txt,False,0.16000000000000003
00005768-199710000-00006,/Users/antonhesse/Desktop/Anton/Education/UMN/Lab and Research/HSPL/CPET_scoping_review/data/cpet_articles/full_texts/txts/00005768-199710000-00006.txt,False,0.16000000000000003
journal.pone.0166299,/Users/antonhesse/Desktop/Anton/Education/UMN/Lab and Research/HSPL/CPET_scoping_review/data/cpet_articles/full_texts/txts/journal.pone.0166299.txt,False,0.16000000000000003
s004210050207,/Users/antonhesse/Desktop/Anton/Education/UMN/Lab and Research/HSPL/CPET_scoping_review/data/cpet_articles/full_texts/txts/s004210050207.txt,False,0.16000000000000003
ijerph17113943,/Users/antonhesse/Desktop/Anton/Education/UMN/Lab and Research/HSPL/CPET_scoping_review/data/cpet_articles/full_texts/txts/ijerph17113943.txt,False,0.16000000000000003
dom.13198,/Users/antonhesse/Desktop/Anton/Education/UMN/Lab and Research/HSPL/CPET_scoping_review/data/cpet_articles/full_texts/txts/dom.13198.txt,False,0.16000000000000003
s00415-013-7091-z,/Users/antonhesse/Desktop/Anton/Education/UMN/Lab and Research/HSPL/CPET_scoping_review/data/cpet_articles/full_texts/txts/s00415-013-7091-z.txt,False,0.16000000000000003
respcare.02912,/Users/antonhesse/Desktop/Anton/Education/UMN/Lab and Research/HSPL/CPET_scoping_review/data/cpet_articles/full_texts/txts/respcare.02912.txt,False,0.16000000000000003
s0002-9149_._99_._80693-6,/Users/antonhesse/Desktop/Anton/Education/UMN/Lab and Research/HSPL/CPET_scoping_review/data/cpet_articles/full_texts/txts/s0002-9149_._99_._80693-6.txt,False,0.16000000000000003
s-2007-1021050,/Users/antonhesse/Desktop/Anton/Education/UMN/Lab and Research/HSPL/CPET_scoping_review/data/cpet_articles/full_texts/txts/s-2007-1021050.txt,False,0.16000000000000003
s00421-006-0367-6,/Users/antonhesse/Desktop/Anton/Education/UMN/Lab and Research/HSPL/CPET_scoping_review/data/cpet_articles/full_texts/txts/s00421-006-0367-6.txt,False,0.15000000000000002
s00421-001-0527-7,/Users/antonhesse/Desktop/Anton/Education/UMN/Lab and Research/HSPL/CPET_scoping_review/data/cpet_articles/full_texts/txts/s00421-001-0527-7.txt,False,0.15000000000000002
j.1527-5299.2007.07214.x,/Users/antonhesse/Desktop/Anton/Education/UMN/Lab and Research/HSPL/CPET_scoping_review/data/cpet_articles/full_texts/txts/j.1527-5299.2007.07214.x.txt,False,0.15000000000000002
s-2007-971941,/Users/antonhesse/Desktop/Anton/Education/UMN/Lab and Research/HSPL/CPET_scoping_review/data/cpet_articles/full_texts/txts/s-2007-971941.txt,False,0.15000000000000002
j.apmr.2006.05.011,/Users/antonhesse/Desktop/Anton/Education/UMN/Lab and Research/HSPL/CPET_scoping_review/data/cpet_articles/full_texts/txts/j.apmr.2006.05.011.txt,False,0.15000000000000002
h2012-077,/Users/antonhesse/Desktop/Anton/Education/UMN/Lab and Research/HSPL/CPET_scoping_review/data/cpet_articles/full_texts/txts/h2012-077.txt,False,0.15000000000000002
phy2.12070,/Users/antonhesse/Desktop/Anton/Education/UMN/Lab and Research/HSPL/CPET_scoping_review/data/cpet_articles/full_texts/txts/phy2.12070.txt,False,0.15000000000000002
apnm-2020-0079,/Users/antonhesse/Desktop/Anton/Education/UMN/Lab and Research/HSPL/CPET_scoping_review/data/cpet_articles/full_texts/txts/apnm-2020-0079.txt,False,0.15000000000000002
fphys.2021.666201,/Users/antonhesse/Desktop/Anton/Education/UMN/Lab and Research/HSPL/CPET_scoping_review/data/cpet_articles/full_texts/txts/fphys.2021.666201.txt,False,0.15000000000000002
ajpregu.00155.2002,/Users/antonhesse/Desktop/Anton/Education/UMN/Lab and Research/HSPL/CPET_scoping_review/data/cpet_articles/full_texts/txts/ajpregu.00155.2002.txt,False,0.15000000000000002
journal.pone.0138853,/Users/antonhesse/Desktop/Anton/Education/UMN/Lab and Research/HSPL/CPET_scoping_review/data/cpet_articles/full_texts/txts/journal.pone.0138853.txt,False,0.15000000000000002
jphysiol.1991.sp018764,/Users/antonhesse/Desktop/Anton/Education/UMN/Lab and Research/HSPL/CPET_scoping_review/data/cpet_articles/full_texts/txts/jphysiol.1991.sp018764.txt,False,0.15000000000000002
j.cardfail.2004.10.001,/Users/antonhesse/Desktop/Anton/Education/UMN/Lab and Research/HSPL/CPET_scoping_review/data/cpet_articles/full_texts/txts/j.cardfail.2004.10.001.txt,False,0.14
s00421-014-2847-4,/Users/antonhesse/Desktop/Anton/Education/UMN/Lab and Research/HSPL/CPET_scoping_review/data/cpet_articles/full_texts/txts/s00421-014-2847-4.txt,False,0.14
s00246-022-02943-8,/Users/antonhesse/Desktop/Anton/Education/UMN/Lab and Research/HSPL/CPET_scoping_review/data/cpet_articles/full_texts/txts/s00246-022-02943-8.txt,False,0.14
jsc.0000000000002193,/Users/antonhesse/Desktop/Anton/Education/UMN/Lab and Research/HSPL/CPET_scoping_review/data/cpet_articles/full_texts/txts/jsc.0000000000002193.txt,False,0.14
hrt.78.6.572,/Users/antonhesse/Desktop/Anton/Education/UMN/Lab and Research/HSPL/CPET_scoping_review/data/cpet_articles/full_texts/txts/hrt.78.6.572.txt,False,0.14
cj.a2015.0065,/Users/antonhesse/Desktop/Anton/Education/UMN/Lab and Research/HSPL/CPET_scoping_review/data/cpet_articles/full_texts/txts/cj.a2015.0065.txt,False,0.14
jsc.0000000000002217,/Users/antonhesse/Desktop/Anton/Education/UMN/Lab and Research/HSPL/CPET_scoping_review/data/cpet_articles/full_texts/txts/jsc.0000000000002217.txt,False,0.14
1550-2783-11-34,/Users/antonhesse/Desktop/Anton/Education/UMN/Lab and Research/HSPL/CPET_scoping_review/data/cpet_articles/full_texts/txts/1550-2783-11-34.txt,False,0.14
s-2003-45229,/Users/antonhesse/Desktop/Anton/Education/UMN/Lab and Research/HSPL/CPET_scoping_review/data/cpet_articles/full_texts/txts/s-2003-45229.txt,False,0.14
j.amjcard.2015.03.016,/Users/antonhesse/Desktop/Anton/Education/UMN/Lab and Research/HSPL/CPET_scoping_review/data/cpet_articles/full_texts/txts/j.amjcard.2015.03.016.txt,False,0.14
cpf.12460,/Users/antonhesse/Desktop/Anton/Education/UMN/Lab and Research/HSPL/CPET_scoping_review/data/cpet_articles/full_texts/txts/cpf.12460.txt,False,0.14
j.jesf.2016.10.001,/Users/antonhesse/Desktop/Anton/Education/UMN/Lab and Research/HSPL/CPET_scoping_review/data/cpet_articles/full_texts/txts/j.jesf.2016.10.001.txt,False,0.14
j.ehj.2004.06.013,/Users/antonhesse/Desktop/Anton/Education/UMN/Lab and Research/HSPL/CPET_scoping_review/data/cpet_articles/full_texts/txts/j.ehj.2004.06.013.txt,False,0.14
fphys.2020.537389,/Users/antonhesse/Desktop/Anton/Education/UMN/Lab and Research/HSPL/CPET_scoping_review/data/cpet_articles/full_texts/txts/fphys.2020.537389.txt,False,0.14
circj.cj-14-1058,/Users/antonhesse/Desktop/Anton/Education/UMN/Lab and Research/HSPL/CPET_scoping_review/data/cpet_articles/full_texts/txts/circj.cj-14-1058.txt,False,0.14
j.physbeh.2017.07.030,/Users/antonhesse/Desktop/Anton/Education/UMN/Lab and Research/HSPL/CPET_scoping_review/data/cpet_articles/full_texts/txts/j.physbeh.2017.07.030.txt,False,0.13
s-2006-924515,/Users/antonhesse/Desktop/Anton/Education/UMN/Lab and Research/HSPL/CPET_scoping_review/data/cpet_articles/full_texts/txts/s-2006-924515.txt,False,0.13
s00421-014-3039-y,/Users/antonhesse/Desktop/Anton/Education/UMN/Lab and Research/HSPL/CPET_scoping_review/data/cpet_articles/full_texts/txts/s00421-014-3039-y.txt,False,0.13
ijerph18189770,/Users/antonhesse/Desktop/Anton/Education/UMN/Lab and Research/HSPL/CPET_scoping_review/data/cpet_articles/full_texts/txts/ijerph18189770.txt,False,0.13
00008483-199811000-00006,/Users/antonhesse/Desktop/Anton/Education/UMN/Lab and Research/HSPL/CPET_scoping_review/data/cpet_articles/full_texts/txts/00008483-199811000-00006.txt,False,0.13
j.jbiomech.2018.02.034,/Users/antonhesse/Desktop/Anton/Education/UMN/Lab and Research/HSPL/CPET_scoping_review/data/cpet_articles/full_texts/txts/j.jbiomech.2018.02.034.txt,False,0.13
fspor.2019.00053,/Users/antonhesse/Desktop/Anton/Education/UMN/Lab and Research/HSPL/CPET_scoping_review/data/cpet_articles/full_texts/txts/fspor.2019.00053.txt,False,0.13
fphys.2020.571221,/Users/antonhesse/Desktop/Anton/Education/UMN/Lab and Research/HSPL/CPET_scoping_review/data/cpet_articles/full_texts/txts/fphys.2020.571221.txt,False,0.13
jsc.0b013e3182a953b1,/Users/antonhesse/Desktop/Anton/Education/UMN/Lab and Research/HSPL/CPET_scoping_review/data/cpet_articles/full_texts/txts/jsc.0b013e3182a953b1.txt,False,0.13
fphys.2018.01764,/Users/antonhesse/Desktop/Anton/Education/UMN/Lab and Research/HSPL/CPET_scoping_review/data/cpet_articles/full_texts/txts/fphys.2018.01764.txt,False,0.13
jch.12753,/Users/antonhesse/Desktop/Anton/Education/UMN/Lab and Research/HSPL/CPET_scoping_review/data/cpet_articles/full_texts/txts/jch.12753.txt,False,0.13
sms.13461,/Users/antonhesse/Desktop/Anton/Education/UMN/Lab and Research/HSPL/CPET_scoping_review/data/cpet_articles/full_texts/txts/sms.13461.txt,False,0.13
s00421-010-1395-9,/Users/antonhesse/Desktop/Anton/Education/UMN/Lab and Research/HSPL/CPET_scoping_review/data/cpet_articles/full_texts/txts/s00421-010-1395-9.txt,False,0.13
fpubh.2021.666019,/Users/antonhesse/Desktop/Anton/Education/UMN/Lab and Research/HSPL/CPET_scoping_review/data/cpet_articles/full_texts/txts/fpubh.2021.666019.txt,False,0.13
5584_2014_15,/Users/antonhesse/Desktop/Anton/Education/UMN/Lab and Research/HSPL/CPET_scoping_review/data/cpet_articles/full_texts/txts/5584_2014_15.txt,False,0.13
fphys.2019.00352,/Users/antonhesse/Desktop/Anton/Education/UMN/Lab and Research/HSPL/CPET_scoping_review/data/cpet_articles/full_texts/txts/fphys.2019.00352.txt,False,0.13
s00246-012-0308-6,/Users/antonhesse/Desktop/Anton/Education/UMN/Lab and Research/HSPL/CPET_scoping_review/data/cpet_articles/full_texts/txts/s00246-012-0308-6.txt,False,0.13
aphysiol.101.2014.2.2,/Users/antonhesse/Desktop/Anton/Education/UMN/Lab and Research/HSPL/CPET_scoping_review/data/cpet_articles/full_texts/txts/aphysiol.101.2014.2.2.txt,False,0.13
jsc.0000000000002004,/Users/antonhesse/Desktop/Anton/Education/UMN/Lab and Research/HSPL/CPET_scoping_review/data/cpet_articles/full_texts/txts/jsc.0000000000002004.txt,False,0.12
s-0028-1119404,/Users/antonhesse/Desktop/Anton/Education/UMN/Lab and Research/HSPL/CPET_scoping_review/data/cpet_articles/full_texts/txts/s-0028-1119404.txt,False,0.12
jsc.0000000000003087,/Users/antonhesse/Desktop/Anton/Education/UMN/Lab and Research/HSPL/CPET_scoping_review/data/cpet_articles/full_texts/txts/jsc.0000000000003087.txt,False,0.12
jsc.0000000000003050,/Users/antonhesse/Desktop/Anton/Education/UMN/Lab and Research/HSPL/CPET_scoping_review/data/cpet_articles/full_texts/txts/jsc.0000000000003050.txt,False,0.12
01.mss.0000175051.47170.33,/Users/antonhesse/Desktop/Anton/Education/UMN/Lab and Research/HSPL/CPET_scoping_review/data/cpet_articles/full_texts/txts/01.mss.0000175051.47170.33.txt,False,0.12
2047487316632966,/Users/antonhesse/Desktop/Anton/Education/UMN/Lab and Research/HSPL/CPET_scoping_review/data/cpet_articles/full_texts/txts/2047487316632966.txt,False,0.12
echo.13623,/Users/antonhesse/Desktop/Anton/Education/UMN/Lab and Research/HSPL/CPET_scoping_review/data/cpet_articles/full_texts/txts/echo.13623.txt,False,0.12
pr.2013.113,/Users/antonhesse/Desktop/Anton/Education/UMN/Lab and Research/HSPL/CPET_scoping_review/data/cpet_articles/full_texts/txts/pr.2013.113.txt,False,0.12
archinte.1988.00380050144021,/Users/antonhesse/Desktop/Anton/Education/UMN/Lab and Research/HSPL/CPET_scoping_review/data/cpet_articles/full_texts/txts/archinte.1988.00380050144021.txt,False,0.12
j.rmed.2009.04.015,/Users/antonhesse/Desktop/Anton/Education/UMN/Lab and Research/HSPL/CPET_scoping_review/data/cpet_articles/full_texts/txts/j.rmed.2009.04.015.txt,False,0.12
01.mss.0000183195.10867.d0,/Users/antonhesse/Desktop/Anton/Education/UMN/Lab and Research/HSPL/CPET_scoping_review/data/cpet_articles/full_texts/txts/01.mss.0000183195.10867.d0.txt,False,0.12
s-0035-1559696,/Users/antonhesse/Desktop/Anton/Education/UMN/Lab and Research/HSPL/CPET_scoping_review/data/cpet_articles/full_texts/txts/s-0035-1559696.txt,False,0.12
09031936.97.10092014,/Users/antonhesse/Desktop/Anton/Education/UMN/Lab and Research/HSPL/CPET_scoping_review/data/cpet_articles/full_texts/txts/09031936.97.10092014.txt,False,0.12
000196444,/Users/antonhesse/Desktop/Anton/Education/UMN/Lab and Research/HSPL/CPET_scoping_review/data/cpet_articles/full_texts/txts/000196444.txt,False,0.12
jsc.0000000000002588,/Users/antonhesse/Desktop/Anton/Education/UMN/Lab and Research/HSPL/CPET_scoping_review/data/cpet_articles/full_texts/txts/jsc.0000000000002588.txt,False,0.12
cpf.12339,/Users/antonhesse/Desktop/Anton/Education/UMN/Lab and Research/HSPL/CPET_scoping_review/data/cpet_articles/full_texts/txts/cpf.12339.txt,False,0.12
00005768-200106000-00026,/Users/antonhesse/Desktop/Anton/Education/UMN/Lab and Research/HSPL/CPET_scoping_review/data/cpet_articles/full_texts/txts/00005768-200106000-00026.txt,False,0.12
jsc.0b013e3181e4ffe6,/Users/antonhesse/Desktop/Anton/Education/UMN/Lab and Research/HSPL/CPET_scoping_review/data/cpet_articles/full_texts/txts/jsc.0b013e3181e4ffe6.txt,False,0.12
apha.13110,/Users/antonhesse/Desktop/Anton/Education/UMN/Lab and Research/HSPL/CPET_scoping_review/data/cpet_articles/full_texts/txts/apha.13110.txt,False,0.12
db09-0934,/Users/antonhesse/Desktop/Anton/Education/UMN/Lab and Research/HSPL/CPET_scoping_review/data/cpet_articles/full_texts/txts/db09-0934.txt,False,0.12
s00392-008-0648-7,/Users/antonhesse/Desktop/Anton/Education/UMN/Lab and Research/HSPL/CPET_scoping_review/data/cpet_articles/full_texts/txts/s00392-008-0648-7.txt,False,0.10999999999999999
ijspp.2020-0337,/Users/antonhesse/Desktop/Anton/Education/UMN/Lab and Research/HSPL/CPET_scoping_review/data/cpet_articles/full_texts/txts/ijspp.2020-0337.txt,False,0.10999999999999999
j.1540-8175.2000.tb00988.x,/Users/antonhesse/Desktop/Anton/Education/UMN/Lab and Research/HSPL/CPET_scoping_review/data/cpet_articles/full_texts/txts/j.1540-8175.2000.tb00988.x.txt,False,0.10999999999999999
jsc.0b013e3181cc5f7b,/Users/antonhesse/Desktop/Anton/Education/UMN/Lab and Research/HSPL/CPET_scoping_review/data/cpet_articles/full_texts/txts/jsc.0b013e3181cc5f7b.txt,False,0.10999999999999999
10338,/Users/antonhesse/Desktop/Anton/Education/UMN/Lab and Research/HSPL/CPET_scoping_review/data/cpet_articles/full_texts/txts/10338.txt,False,0.10999999999999999
s1081-1206_._10_._60989-1,/Users/antonhesse/Desktop/Anton/Education/UMN/Lab and Research/HSPL/CPET_scoping_review/data/cpet_articles/full_texts/txts/s1081-1206_._10_._60989-1.txt,False,0.10999999999999999
nu12040955,/Users/antonhesse/Desktop/Anton/Education/UMN/Lab and Research/HSPL/CPET_scoping_review/data/cpet_articles/full_texts/txts/nu12040955.txt,False,0.10999999999999999
j.jpeds.2012.10.047,/Users/antonhesse/Desktop/Anton/Education/UMN/Lab and Research/HSPL/CPET_scoping_review/data/cpet_articles/full_texts/txts/j.jpeds.2012.10.047.txt,False,0.10999999999999999
s00421-009-1105-7,/Users/antonhesse/Desktop/Anton/Education/UMN/Lab and Research/HSPL/CPET_scoping_review/data/cpet_articles/full_texts/txts/s00421-009-1105-7.txt,False,0.10999999999999999
00005768-200103000-00019,/Users/antonhesse/Desktop/Anton/Education/UMN/Lab and Research/HSPL/CPET_scoping_review/data/cpet_articles/full_texts/txts/00005768-200103000-00019.txt,False,0.10999999999999999
j.1365-201x.2004.01390.x,/Users/antonhesse/Desktop/Anton/Education/UMN/Lab and Research/HSPL/CPET_scoping_review/data/cpet_articles/full_texts/txts/j.1365-201x.2004.01390.x.txt,False,0.10999999999999999
j.1540-8175.2009.00922.x,/Users/antonhesse/Desktop/Anton/Education/UMN/Lab and Research/HSPL/CPET_scoping_review/data/cpet_articles/full_texts/txts/j.1540-8175.2009.00922.x.txt,False,0.10999999999999999
s0735-1097_._00_._01211-0,/Users/antonhesse/Desktop/Anton/Education/UMN/Lab and Research/HSPL/CPET_scoping_review/data/cpet_articles/full_texts/txts/s0735-1097_._00_._01211-0.txt,False,0.10999999999999999
01.mss.0000230210.60957.67,/Users/antonhesse/Desktop/Anton/Education/UMN/Lab and Research/HSPL/CPET_scoping_review/data/cpet_articles/full_texts/txts/01.mss.0000230210.60957.67.txt,False,0.10999999999999999
sc.1996.133,/Users/antonhesse/Desktop/Anton/Education/UMN/Lab and Research/HSPL/CPET_scoping_review/data/cpet_articles/full_texts/txts/sc.1996.133.txt,False,0.10999999999999999
fped.2022.847343,/Users/antonhesse/Desktop/Anton/Education/UMN/Lab and Research/HSPL/CPET_scoping_review/data/cpet_articles/full_texts/txts/fped.2022.847343.txt,False,0.10999999999999999
bf03345735,/Users/antonhesse/Desktop/Anton/Education/UMN/Lab and Research/HSPL/CPET_scoping_review/data/cpet_articles/full_texts/txts/bf03345735.txt,False,0.10999999999999999
01.jsm.0000171287.99174.b7,/Users/antonhesse/Desktop/Anton/Education/UMN/Lab and Research/HSPL/CPET_scoping_review/data/cpet_articles/full_texts/txts/01.jsm.0000171287.99174.b7.txt,False,0.10999999999999999
s-0029-1202341,/Users/antonhesse/Desktop/Anton/Education/UMN/Lab and Research/HSPL/CPET_scoping_review/data/cpet_articles/full_texts/txts/s-0029-1202341.txt,False,0.10999999999999999
cen.13162,/Users/antonhesse/Desktop/Anton/Education/UMN/Lab and Research/HSPL/CPET_scoping_review/data/cpet_articles/full_texts/txts/cen.13162.txt,False,0.10999999999999999
j.clnu.2021.05.004,/Users/antonhesse/Desktop/Anton/Education/UMN/Lab and Research/HSPL/CPET_scoping_review/data/cpet_articles/full_texts/txts/j.clnu.2021.05.004.txt,False,0.10999999999999999
jphysiol.2012.228890,/Users/antonhesse/Desktop/Anton/Education/UMN/Lab and Research/HSPL/CPET_scoping_review/data/cpet_articles/full_texts/txts/jphysiol.2012.228890.txt,False,0.10999999999999999
japplphysiol.00205.2010,/Users/antonhesse/Desktop/Anton/Education/UMN/Lab and Research/HSPL/CPET_scoping_review/data/cpet_articles/full_texts/txts/japplphysiol.00205.2010.txt,False,0.10999999999999999
jp270238,/Users/antonhesse/Desktop/Anton/Education/UMN/Lab and Research/HSPL/CPET_scoping_review/data/cpet_articles/full_texts/txts/jp270238.txt,False,0.09999999999999998
jsc.0b013e3182a1fe6f,/Users/antonhesse/Desktop/Anton/Education/UMN/Lab and Research/HSPL/CPET_scoping_review/data/cpet_articles/full_texts/txts/jsc.0b013e3182a1fe6f.txt,False,0.09999999999999998
jrrd.2011.10.0189,/Users/antonhesse/Desktop/Anton/Education/UMN/Lab and Research/HSPL/CPET_scoping_review/data/cpet_articles/full_texts/txts/jrrd.2011.10.0189.txt,False,0.09999999999999998
milmed-d-13-00299,/Users/antonhesse/Desktop/Anton/Education/UMN/Lab and Research/HSPL/CPET_scoping_review/data/cpet_articles/full_texts/txts/milmed-d-13-00299.txt,False,0.09999999999999998
jtpe.23.3.235,/Users/antonhesse/Desktop/Anton/Education/UMN/Lab and Research/HSPL/CPET_scoping_review/data/cpet_articles/full_texts/txts/jtpe.23.3.235.txt,False,0.09999999999999998
1758-5996-6-36,/Users/antonhesse/Desktop/Anton/Education/UMN/Lab and Research/HSPL/CPET_scoping_review/data/cpet_articles/full_texts/txts/1758-5996-6-36.txt,False,0.09999999999999998
jappl.1994.76.3.1211,/Users/antonhesse/Desktop/Anton/Education/UMN/Lab and Research/HSPL/CPET_scoping_review/data/cpet_articles/full_texts/txts/jappl.1994.76.3.1211.txt,False,0.09999999999999998
ajhb.20529,/Users/antonhesse/Desktop/Anton/Education/UMN/Lab and Research/HSPL/CPET_scoping_review/data/cpet_articles/full_texts/txts/ajhb.20529.txt,False,0.09999999999999998
jaha.120.016850,/Users/antonhesse/Desktop/Anton/Education/UMN/Lab and Research/HSPL/CPET_scoping_review/data/cpet_articles/full_texts/txts/jaha.120.016850.txt,False,0.09999999999999998
jsc.0000000000001412,/Users/antonhesse/Desktop/Anton/Education/UMN/Lab and Research/HSPL/CPET_scoping_review/data/cpet_articles/full_texts/txts/jsc.0000000000001412.txt,False,0.09999999999999998
expphysiol.2013.073270,/Users/antonhesse/Desktop/Anton/Education/UMN/Lab and Research/HSPL/CPET_scoping_review/data/cpet_articles/full_texts/txts/expphysiol.2013.073270.txt,False,0.09999999999999998
jsc.0b013e31827fd85c,/Users/antonhesse/Desktop/Anton/Education/UMN/Lab and Research/HSPL/CPET_scoping_review/data/cpet_articles/full_texts/txts/jsc.0b013e31827fd85c.txt,False,0.09999999999999998
ijsnem.18.3.229,/Users/antonhesse/Desktop/Anton/Education/UMN/Lab and Research/HSPL/CPET_scoping_review/data/cpet_articles/full_texts/txts/ijsnem.18.3.229.txt,False,0.09999999999999998
v10101-010-0015-9,/Users/antonhesse/Desktop/Anton/Education/UMN/Lab and Research/HSPL/CPET_scoping_review/data/cpet_articles/full_texts/txts/v10101-010-0015-9.txt,False,0.09999999999999998
jappl.1985.58.4.1372,/Users/antonhesse/Desktop/Anton/Education/UMN/Lab and Research/HSPL/CPET_scoping_review/data/cpet_articles/full_texts/txts/jappl.1985.58.4.1372.txt,False,0.09999999999999998
ajpregu.00926.2005,/Users/antonhesse/Desktop/Anton/Education/UMN/Lab and Research/HSPL/CPET_scoping_review/data/cpet_articles/full_texts/txts/ajpregu.00926.2005.txt,False,0.09999999999999998
s00421-021-04601-y,/Users/antonhesse/Desktop/Anton/Education/UMN/Lab and Research/HSPL/CPET_scoping_review/data/cpet_articles/full_texts/txts/s00421-021-04601-y.txt,False,0.09999999999999998
ham.2018.0083,/Users/antonhesse/Desktop/Anton/Education/UMN/Lab and Research/HSPL/CPET_scoping_review/data/cpet_articles/full_texts/txts/ham.2018.0083.txt,False,0.09999999999999998
j.amepre.2006.06.002,/Users/antonhesse/Desktop/Anton/Education/UMN/Lab and Research/HSPL/CPET_scoping_review/data/cpet_articles/full_texts/txts/j.amepre.2006.06.002.txt,False,0.09999999999999998
fphys.2018.00226,/Users/antonhesse/Desktop/Anton/Education/UMN/Lab and Research/HSPL/CPET_scoping_review/data/cpet_articles/full_texts/txts/fphys.2018.00226.txt,False,0.09999999999999998
j.psychsport.2020.101791,/Users/antonhesse/Desktop/Anton/Education/UMN/Lab and Research/HSPL/CPET_scoping_review/data/cpet_articles/full_texts/txts/j.psychsport.2020.101791.txt,False,0.09999999999999998
thx.54.3.213,/Users/antonhesse/Desktop/Anton/Education/UMN/Lab and Research/HSPL/CPET_scoping_review/data/cpet_articles/full_texts/txts/thx.54.3.213.txt,False,0.09999999999999998
bf02376771,/Users/antonhesse/Desktop/Anton/Education/UMN/Lab and Research/HSPL/CPET_scoping_review/data/cpet_articles/full_texts/txts/bf02376771.txt,False,0.09999999999999998
s-2003-37251,/Users/antonhesse/Desktop/Anton/Education/UMN/Lab and Research/HSPL/CPET_scoping_review/data/cpet_articles/full_texts/txts/s-2003-37251.txt,False,0.09999999999999998
s00421-004-1042-4,/Users/antonhesse/Desktop/Anton/Education/UMN/Lab and Research/HSPL/CPET_scoping_review/data/cpet_articles/full_texts/txts/s00421-004-1042-4.txt,False,0.09999999999999998
mss.0b013e31824f5be4,/Users/antonhesse/Desktop/Anton/Education/UMN/Lab and Research/HSPL/CPET_scoping_review/data/cpet_articles/full_texts/txts/mss.0b013e31824f5be4.txt,False,0.09999999999999998
s00421-010-1797-8,/Users/antonhesse/Desktop/Anton/Education/UMN/Lab and Research/HSPL/CPET_scoping_review/data/cpet_articles/full_texts/txts/s00421-010-1797-8.txt,False,0.09999999999999998
japplphysiol.01029.2020,/Users/antonhesse/Desktop/Anton/Education/UMN/Lab and Research/HSPL/CPET_scoping_review/data/cpet_articles/full_texts/txts/japplphysiol.01029.2020.txt,False,0.08999999999999997
j.jshs.2020.06.008,/Users/antonhesse/Desktop/Anton/Education/UMN/Lab and Research/HSPL/CPET_scoping_review/data/cpet_articles/full_texts/txts/j.jshs.2020.06.008.txt,False,0.08999999999999997
jsc.0b013e3181bac5c5,/Users/antonhesse/Desktop/Anton/Education/UMN/Lab and Research/HSPL/CPET_scoping_review/data/cpet_articles/full_texts/txts/jsc.0b013e3181bac5c5.txt,False,0.08999999999999997
s00421-012-2357-1,/Users/antonhesse/Desktop/Anton/Education/UMN/Lab and Research/HSPL/CPET_scoping_review/data/cpet_articles/full_texts/txts/s00421-012-2357-1.txt,False,0.08999999999999997
fphys.2017.00387,/Users/antonhesse/Desktop/Anton/Education/UMN/Lab and Research/HSPL/CPET_scoping_review/data/cpet_articles/full_texts/txts/fphys.2017.00387.txt,False,0.08999999999999997
jcdr_._2018_._37095.12191,/Users/antonhesse/Desktop/Anton/Education/UMN/Lab and Research/HSPL/CPET_scoping_review/data/cpet_articles/full_texts/txts/jcdr_._2018_._37095.12191.txt,False,0.08999999999999997
j.1600-0838.2011.01313.x,/Users/antonhesse/Desktop/Anton/Education/UMN/Lab and Research/HSPL/CPET_scoping_review/data/cpet_articles/full_texts/txts/j.1600-0838.2011.01313.x.txt,False,0.08999999999999997
j.ijcard.2007.04.075,/Users/antonhesse/Desktop/Anton/Education/UMN/Lab and Research/HSPL/CPET_scoping_review/data/cpet_articles/full_texts/txts/j.ijcard.2007.04.075.txt,False,0.08999999999999997
s1047951108003181,/Users/antonhesse/Desktop/Anton/Education/UMN/Lab and Research/HSPL/CPET_scoping_review/data/cpet_articles/full_texts/txts/s1047951108003181.txt,False,0.08999999999999997
s00421-008-0688-8,/Users/antonhesse/Desktop/Anton/Education/UMN/Lab and Research/HSPL/CPET_scoping_review/data/cpet_articles/full_texts/txts/s00421-008-0688-8.txt,False,0.08999999999999997
mss.0b013e31812e52b3,/Users/antonhesse/Desktop/Anton/Education/UMN/Lab and Research/HSPL/CPET_scoping_review/data/cpet_articles/full_texts/txts/mss.0b013e31812e52b3.txt,False,0.08999999999999997
fphys.2020.00979,/Users/antonhesse/Desktop/Anton/Education/UMN/Lab and Research/HSPL/CPET_scoping_review/data/cpet_articles/full_texts/txts/fphys.2020.00979.txt,False,0.08999999999999997
ijspp.2021-0044,/Users/antonhesse/Desktop/Anton/Education/UMN/Lab and Research/HSPL/CPET_scoping_review/data/cpet_articles/full_texts/txts/ijspp.2021-0044.txt,False,0.08999999999999997
journal.pone.0224092,/Users/antonhesse/Desktop/Anton/Education/UMN/Lab and Research/HSPL/CPET_scoping_review/data/cpet_articles/full_texts/txts/journal.pone.0224092.txt,False,0.08999999999999997
a-1686-9068,/Users/antonhesse/Desktop/Anton/Education/UMN/Lab and Research/HSPL/CPET_scoping_review/data/cpet_articles/full_texts/txts/a-1686-9068.txt,False,0.08999999999999997
s0717-75182021000500726,/Users/antonhesse/Desktop/Anton/Education/UMN/Lab and Research/HSPL/CPET_scoping_review/data/cpet_articles/full_texts/txts/s0717-75182021000500726.txt,False,0.08999999999999997
jamaneurol.2013.646,/Users/antonhesse/Desktop/Anton/Education/UMN/Lab and Research/HSPL/CPET_scoping_review/data/cpet_articles/full_texts/txts/jamaneurol.2013.646.txt,False,0.07999999999999996
ajpheart.1999.276.3.h913,/Users/antonhesse/Desktop/Anton/Education/UMN/Lab and Research/HSPL/CPET_scoping_review/data/cpet_articles/full_texts/txts/ajpheart.1999.276.3.h913.txt,False,0.07999999999999996
rccm.200212-1525oc,/Users/antonhesse/Desktop/Anton/Education/UMN/Lab and Research/HSPL/CPET_scoping_review/data/cpet_articles/full_texts/txts/rccm.200212-1525oc.txt,False,0.07999999999999996
annalsats.201410-470oc,/Users/antonhesse/Desktop/Anton/Education/UMN/Lab and Research/HSPL/CPET_scoping_review/data/cpet_articles/full_texts/txts/annalsats.201410-470oc.txt,False,0.07999999999999996
bf02332962,/Users/antonhesse/Desktop/Anton/Education/UMN/Lab and Research/HSPL/CPET_scoping_review/data/cpet_articles/full_texts/txts/bf02332962.txt,False,0.07999999999999996
s1517-86922012000100004,/Users/antonhesse/Desktop/Anton/Education/UMN/Lab and Research/HSPL/CPET_scoping_review/data/cpet_articles/full_texts/txts/s1517-86922012000100004.txt,False,0.07999999999999996
pxr.0000000000000030,/Users/antonhesse/Desktop/Anton/Education/UMN/Lab and Research/HSPL/CPET_scoping_review/data/cpet_articles/full_texts/txts/pxr.0000000000000030.txt,False,0.07999999999999996
j.apmr.2003.03.004,/Users/antonhesse/Desktop/Anton/Education/UMN/Lab and Research/HSPL/CPET_scoping_review/data/cpet_articles/full_texts/txts/j.apmr.2003.03.004.txt,False,0.07999999999999996
expphysiol.1992.sp003582,/Users/antonhesse/Desktop/Anton/Education/UMN/Lab and Research/HSPL/CPET_scoping_review/data/cpet_articles/full_texts/txts/expphysiol.1992.sp003582.txt,False,0.07999999999999996
bmjdrc-2015-000124,/Users/antonhesse/Desktop/Anton/Education/UMN/Lab and Research/HSPL/CPET_scoping_review/data/cpet_articles/full_texts/txts/bmjdrc-2015-000124.txt,False,0.07999999999999996
chest.103.4.1135,/Users/antonhesse/Desktop/Anton/Education/UMN/Lab and Research/HSPL/CPET_scoping_review/data/cpet_articles/full_texts/txts/chest.103.4.1135.txt,False,0.07999999999999996
pes.2020-0210,/Users/antonhesse/Desktop/Anton/Education/UMN/Lab and Research/HSPL/CPET_scoping_review/data/cpet_articles/full_texts/txts/pes.2020-0210.txt,False,0.07999999999999996
j.apmr.2015.04.023,/Users/antonhesse/Desktop/Anton/Education/UMN/Lab and Research/HSPL/CPET_scoping_review/data/cpet_articles/full_texts/txts/j.apmr.2015.04.023.txt,False,0.07999999999999996
jsc.0b013e318244341d,/Users/antonhesse/Desktop/Anton/Education/UMN/Lab and Research/HSPL/CPET_scoping_review/data/cpet_articles/full_texts/txts/jsc.0b013e318244341d.txt,False,0.07999999999999996
tcst.2007.912116,/Users/antonhesse/Desktop/Anton/Education/UMN/Lab and Research/HSPL/CPET_scoping_review/data/cpet_articles/full_texts/txts/tcst.2007.912116.txt,False,0.06999999999999995
japplphysiol.01032.2018,/Users/antonhesse/Desktop/Anton/Education/UMN/Lab and Research/HSPL/CPET_scoping_review/data/cpet_articles/full_texts/txts/japplphysiol.01032.2018.txt,False,0.06999999999999995
jcm10184075,/Users/antonhesse/Desktop/Anton/Education/UMN/Lab and Research/HSPL/CPET_scoping_review/data/cpet_articles/full_texts/txts/jcm10184075.txt,False,0.06999999999999995
fphys.2021.734111,/Users/antonhesse/Desktop/Anton/Education/UMN/Lab and Research/HSPL/CPET_scoping_review/data/cpet_articles/full_texts/txts/fphys.2021.734111.txt,False,0.06999999999999995
milmed.172.2.121,/Users/antonhesse/Desktop/Anton/Education/UMN/Lab and Research/HSPL/CPET_scoping_review/data/cpet_articles/full_texts/txts/milmed.172.2.121.txt,False,0.06999999999999995
mus.1112,/Users/antonhesse/Desktop/Anton/Education/UMN/Lab and Research/HSPL/CPET_scoping_review/data/cpet_articles/full_texts/txts/mus.1112.txt,False,0.06999999999999995
fphys.2014.00005,/Users/antonhesse/Desktop/Anton/Education/UMN/Lab and Research/HSPL/CPET_scoping_review/data/cpet_articles/full_texts/txts/fphys.2014.00005.txt,False,0.06999999999999995
cce.0000000000000491,/Users/antonhesse/Desktop/Anton/Education/UMN/Lab and Research/HSPL/CPET_scoping_review/data/cpet_articles/full_texts/txts/cce.0000000000000491.txt,False,0.06999999999999995
s00392-003-1009-1,/Users/antonhesse/Desktop/Anton/Education/UMN/Lab and Research/HSPL/CPET_scoping_review/data/cpet_articles/full_texts/txts/s00392-003-1009-1.txt,False,0.06999999999999995
01.pdr.0000114481.58902.fb,/Users/antonhesse/Desktop/Anton/Education/UMN/Lab and Research/HSPL/CPET_scoping_review/data/cpet_articles/full_texts/txts/01.pdr.0000114481.58902.fb.txt,False,0.06999999999999995
ijsnem.2020-0009,/Users/antonhesse/Desktop/Anton/Education/UMN/Lab and Research/HSPL/CPET_scoping_review/data/cpet_articles/full_texts/txts/ijsnem.2020-0009.txt,False,0.06999999999999995
s0066-782x2010005000096,/Users/antonhesse/Desktop/Anton/Education/UMN/Lab and Research/HSPL/CPET_scoping_review/data/cpet_articles/full_texts/txts/s0066-782x2010005000096.txt,False,0.06999999999999995
ajpregu.00312.2020,/Users/antonhesse/Desktop/Anton/Education/UMN/Lab and Research/HSPL/CPET_scoping_review/data/cpet_articles/full_texts/txts/ajpregu.00312.2020.txt,False,0.06999999999999995
journal.pone.0194776,/Users/antonhesse/Desktop/Anton/Education/UMN/Lab and Research/HSPL/CPET_scoping_review/data/cpet_articles/full_texts/txts/journal.pone.0194776.txt,False,0.06999999999999995
mss.0b013e3181ebc488,/Users/antonhesse/Desktop/Anton/Education/UMN/Lab and Research/HSPL/CPET_scoping_review/data/cpet_articles/full_texts/txts/mss.0b013e3181ebc488.txt,False,0.06999999999999995
jom.0000000000001570,/Users/antonhesse/Desktop/Anton/Education/UMN/Lab and Research/HSPL/CPET_scoping_review/data/cpet_articles/full_texts/txts/jom.0000000000001570.txt,False,0.06000000000000005
00005768-200201000-00016,/Users/antonhesse/Desktop/Anton/Education/UMN/Lab and Research/HSPL/CPET_scoping_review/data/cpet_articles/full_texts/txts/00005768-200201000-00016.txt,False,0.06000000000000005
ahs.v15i4.16,/Users/antonhesse/Desktop/Anton/Education/UMN/Lab and Research/HSPL/CPET_scoping_review/data/cpet_articles/full_texts/txts/ahs.v15i4.16.txt,False,0.06000000000000005
oajsm.s39688,/Users/antonhesse/Desktop/Anton/Education/UMN/Lab and Research/HSPL/CPET_scoping_review/data/cpet_articles/full_texts/txts/oajsm.s39688.txt,False,0.06000000000000005
fj.201700827r,/Users/antonhesse/Desktop/Anton/Education/UMN/Lab and Research/HSPL/CPET_scoping_review/data/cpet_articles/full_texts/txts/fj.201700827r.txt,False,0.06000000000000005
s00421-005-0054-z,/Users/antonhesse/Desktop/Anton/Education/UMN/Lab and Research/HSPL/CPET_scoping_review/data/cpet_articles/full_texts/txts/s00421-005-0054-z.txt,False,0.06000000000000005
jsc.0000000000001386,/Users/antonhesse/Desktop/Anton/Education/UMN/Lab and Research/HSPL/CPET_scoping_review/data/cpet_articles/full_texts/txts/jsc.0000000000001386.txt,False,0.06000000000000005
ijgm.s355589,/Users/antonhesse/Desktop/Anton/Education/UMN/Lab and Research/HSPL/CPET_scoping_review/data/cpet_articles/full_texts/txts/ijgm.s355589.txt,False,0.06000000000000005
archneur.1979.00500440027003,/Users/antonhesse/Desktop/Anton/Education/UMN/Lab and Research/HSPL/CPET_scoping_review/data/cpet_articles/full_texts/txts/archneur.1979.00500440027003.txt,False,0.06000000000000005
art.22124,/Users/antonhesse/Desktop/Anton/Education/UMN/Lab and Research/HSPL/CPET_scoping_review/data/cpet_articles/full_texts/txts/art.22124.txt,False,0.06000000000000005
ajpheart.1999.277.3.h1045,/Users/antonhesse/Desktop/Anton/Education/UMN/Lab and Research/HSPL/CPET_scoping_review/data/cpet_articles/full_texts/txts/ajpheart.1999.277.3.h1045.txt,False,0.06000000000000005
0002-9149_._93_._90907-t,/Users/antonhesse/Desktop/Anton/Education/UMN/Lab and Research/HSPL/CPET_scoping_review/data/cpet_articles/full_texts/txts/0002-9149_._93_._90907-t.txt,False,0.06000000000000005
journal.pone.0237010,/Users/antonhesse/Desktop/Anton/Education/UMN/Lab and Research/HSPL/CPET_scoping_review/data/cpet_articles/full_texts/txts/journal.pone.0237010.txt,False,0.06000000000000005
chest.123.6.1794,/Users/antonhesse/Desktop/Anton/Education/UMN/Lab and Research/HSPL/CPET_scoping_review/data/cpet_articles/full_texts/txts/chest.123.6.1794.txt,False,0.06000000000000005
s-2007-964854,/Users/antonhesse/Desktop/Anton/Education/UMN/Lab and Research/HSPL/CPET_scoping_review/data/cpet_articles/full_texts/txts/s-2007-964854.txt,False,0.06000000000000005
s004210000295,/Users/antonhesse/Desktop/Anton/Education/UMN/Lab and Research/HSPL/CPET_scoping_review/data/cpet_articles/full_texts/txts/s004210000295.txt,False,0.06000000000000005
abc.20170179,/Users/antonhesse/Desktop/Anton/Education/UMN/Lab and Research/HSPL/CPET_scoping_review/data/cpet_articles/full_texts/txts/abc.20170179.txt,False,0.06000000000000005
jsc.0b013e3181e2734a,/Users/antonhesse/Desktop/Anton/Education/UMN/Lab and Research/HSPL/CPET_scoping_review/data/cpet_articles/full_texts/txts/jsc.0b013e3181e2734a.txt,False,0.06000000000000005
s00424-018-2218-9,/Users/antonhesse/Desktop/Anton/Education/UMN/Lab and Research/HSPL/CPET_scoping_review/data/cpet_articles/full_texts/txts/s00424-018-2218-9.txt,False,0.06000000000000005
nu13082767,/Users/antonhesse/Desktop/Anton/Education/UMN/Lab and Research/HSPL/CPET_scoping_review/data/cpet_articles/full_texts/txts/nu13082767.txt,False,0.06000000000000005
jsc.0000000000000596,/Users/antonhesse/Desktop/Anton/Education/UMN/Lab and Research/HSPL/CPET_scoping_review/data/cpet_articles/full_texts/txts/jsc.0000000000000596.txt,False,0.06000000000000005
16501977-0242,/Users/antonhesse/Desktop/Anton/Education/UMN/Lab and Research/HSPL/CPET_scoping_review/data/cpet_articles/full_texts/txts/16501977-0242.txt,False,0.06000000000000005
abc.20180202,/Users/antonhesse/Desktop/Anton/Education/UMN/Lab and Research/HSPL/CPET_scoping_review/data/cpet_articles/full_texts/txts/abc.20180202.txt,False,0.050000000000000044
mss.0000000000002454,/Users/antonhesse/Desktop/Anton/Education/UMN/Lab and Research/HSPL/CPET_scoping_review/data/cpet_articles/full_texts/txts/mss.0000000000002454.txt,False,0.050000000000000044
s41366-021-00963-7,/Users/antonhesse/Desktop/Anton/Education/UMN/Lab and Research/HSPL/CPET_scoping_review/data/cpet_articles/full_texts/txts/s41366-021-00963-7.txt,False,0.050000000000000044
s004210000240,/Users/antonhesse/Desktop/Anton/Education/UMN/Lab and Research/HSPL/CPET_scoping_review/data/cpet_articles/full_texts/txts/s004210000240.txt,False,0.050000000000000044
nu13030864,/Users/antonhesse/Desktop/Anton/Education/UMN/Lab and Research/HSPL/CPET_scoping_review/data/cpet_articles/full_texts/txts/nu13030864.txt,False,0.050000000000000044
sms.12014,/Users/antonhesse/Desktop/Anton/Education/UMN/Lab and Research/HSPL/CPET_scoping_review/data/cpet_articles/full_texts/txts/sms.12014.txt,False,0.050000000000000044
j.ijcard.2020.02.069,/Users/antonhesse/Desktop/Anton/Education/UMN/Lab and Research/HSPL/CPET_scoping_review/data/cpet_articles/full_texts/txts/j.ijcard.2020.02.069.txt,False,0.050000000000000044
jsc.0000000000002506,/Users/antonhesse/Desktop/Anton/Education/UMN/Lab and Research/HSPL/CPET_scoping_review/data/cpet_articles/full_texts/txts/jsc.0000000000002506.txt,False,0.050000000000000044
fped.2021.802645,/Users/antonhesse/Desktop/Anton/Education/UMN/Lab and Research/HSPL/CPET_scoping_review/data/cpet_articles/full_texts/txts/fped.2021.802645.txt,False,0.050000000000000044
ijspp.2018-0151,/Users/antonhesse/Desktop/Anton/Education/UMN/Lab and Research/HSPL/CPET_scoping_review/data/cpet_articles/full_texts/txts/ijspp.2018-0151.txt,False,0.050000000000000044
chest.116.2.363,/Users/antonhesse/Desktop/Anton/Education/UMN/Lab and Research/HSPL/CPET_scoping_review/data/cpet_articles/full_texts/txts/chest.116.2.363.txt,False,0.050000000000000044
j.jelekin.2015.10.008,/Users/antonhesse/Desktop/Anton/Education/UMN/Lab and Research/HSPL/CPET_scoping_review/data/cpet_articles/full_texts/txts/j.jelekin.2015.10.008.txt,False,0.050000000000000044
h03-043,/Users/antonhesse/Desktop/Anton/Education/UMN/Lab and Research/HSPL/CPET_scoping_review/data/cpet_articles/full_texts/txts/h03-043.txt,False,0.050000000000000044
fphys.2021.628863,/Users/antonhesse/Desktop/Anton/Education/UMN/Lab and Research/HSPL/CPET_scoping_review/data/cpet_articles/full_texts/txts/fphys.2021.628863.txt,False,0.050000000000000044
2047487314533216,/Users/antonhesse/Desktop/Anton/Education/UMN/Lab and Research/HSPL/CPET_scoping_review/data/cpet_articles/full_texts/txts/2047487314533216.txt,False,0.050000000000000044
s12966-017-0513-z,/Users/antonhesse/Desktop/Anton/Education/UMN/Lab and Research/HSPL/CPET_scoping_review/data/cpet_articles/full_texts/txts/s12966-017-0513-z.txt,False,0.040000000000000036
ijspp.2.2.128,/Users/antonhesse/Desktop/Anton/Education/UMN/Lab and Research/HSPL/CPET_scoping_review/data/cpet_articles/full_texts/txts/ijspp.2.2.128.txt,False,0.040000000000000036
s-2007-964973,/Users/antonhesse/Desktop/Anton/Education/UMN/Lab and Research/HSPL/CPET_scoping_review/data/cpet_articles/full_texts/txts/s-2007-964973.txt,False,0.040000000000000036
japplphysiol.00058.2021,/Users/antonhesse/Desktop/Anton/Education/UMN/Lab and Research/HSPL/CPET_scoping_review/data/cpet_articles/full_texts/txts/japplphysiol.00058.2021.txt,False,0.040000000000000036
bjsm.2004.012500,/Users/antonhesse/Desktop/Anton/Education/UMN/Lab and Research/HSPL/CPET_scoping_review/data/cpet_articles/full_texts/txts/bjsm.2004.012500.txt,False,0.040000000000000036
japplphysiol.90430.2008,/Users/antonhesse/Desktop/Anton/Education/UMN/Lab and Research/HSPL/CPET_scoping_review/data/cpet_articles/full_texts/txts/japplphysiol.90430.2008.txt,False,0.040000000000000036
phy2.12432,/Users/antonhesse/Desktop/Anton/Education/UMN/Lab and Research/HSPL/CPET_scoping_review/data/cpet_articles/full_texts/txts/phy2.12432.txt,False,0.040000000000000036
174182670401100501,/Users/antonhesse/Desktop/Anton/Education/UMN/Lab and Research/HSPL/CPET_scoping_review/data/cpet_articles/full_texts/txts/174182670401100501.txt,False,0.040000000000000036
j.gaitpost.2021.07.012,/Users/antonhesse/Desktop/Anton/Education/UMN/Lab and Research/HSPL/CPET_scoping_review/data/cpet_articles/full_texts/txts/j.gaitpost.2021.07.012.txt,False,0.040000000000000036
bjsm.2007.036798,/Users/antonhesse/Desktop/Anton/Education/UMN/Lab and Research/HSPL/CPET_scoping_review/data/cpet_articles/full_texts/txts/bjsm.2007.036798.txt,False,0.040000000000000036
ijerph18136945,/Users/antonhesse/Desktop/Anton/Education/UMN/Lab and Research/HSPL/CPET_scoping_review/data/cpet_articles/full_texts/txts/ijerph18136945.txt,False,0.040000000000000036
s11332-020-00728-1,/Users/antonhesse/Desktop/Anton/Education/UMN/Lab and Research/HSPL/CPET_scoping_review/data/cpet_articles/full_texts/txts/s11332-020-00728-1.txt,False,0.040000000000000036
sms.13289,/Users/antonhesse/Desktop/Anton/Education/UMN/Lab and Research/HSPL/CPET_scoping_review/data/cpet_articles/full_texts/txts/sms.13289.txt,False,0.040000000000000036
s004210050435,/Users/antonhesse/Desktop/Anton/Education/UMN/Lab and Research/HSPL/CPET_scoping_review/data/cpet_articles/full_texts/txts/s004210050435.txt,False,0.040000000000000036
s00421-005-1319-2,/Users/antonhesse/Desktop/Anton/Education/UMN/Lab and Research/HSPL/CPET_scoping_review/data/cpet_articles/full_texts/txts/s00421-005-1319-2.txt,False,0.040000000000000036
s0022-3476_._00_._70096-5,/Users/antonhesse/Desktop/Anton/Education/UMN/Lab and Research/HSPL/CPET_scoping_review/data/cpet_articles/full_texts/txts/s0022-3476_._00_._70096-5.txt,False,0.040000000000000036
1414-431x20176393,/Users/antonhesse/Desktop/Anton/Education/UMN/Lab and Research/HSPL/CPET_scoping_review/data/cpet_articles/full_texts/txts/1414-431x20176393.txt,False,0.040000000000000036
j.amjcard.2019.03.027,/Users/antonhesse/Desktop/Anton/Education/UMN/Lab and Research/HSPL/CPET_scoping_review/data/cpet_articles/full_texts/txts/j.amjcard.2019.03.027.txt,False,0.030000000000000027
ihj.15-012,/Users/antonhesse/Desktop/Anton/Education/UMN/Lab and Research/HSPL/CPET_scoping_review/data/cpet_articles/full_texts/txts/ihj.15-012.txt,False,0.030000000000000027
s004210050500,/Users/antonhesse/Desktop/Anton/Education/UMN/Lab and Research/HSPL/CPET_scoping_review/data/cpet_articles/full_texts/txts/s004210050500.txt,False,0.030000000000000027
s40798-019-0196-x,/Users/antonhesse/Desktop/Anton/Education/UMN/Lab and Research/HSPL/CPET_scoping_review/data/cpet_articles/full_texts/txts/s40798-019-0196-x.txt,False,0.030000000000000027
00005768-200002000-00018,/Users/antonhesse/Desktop/Anton/Education/UMN/Lab and Research/HSPL/CPET_scoping_review/data/cpet_articles/full_texts/txts/00005768-200002000-00018.txt,False,0.030000000000000027
fpsyg.2019.00535,/Users/antonhesse/Desktop/Anton/Education/UMN/Lab and Research/HSPL/CPET_scoping_review/data/cpet_articles/full_texts/txts/fpsyg.2019.00535.txt,False,0.030000000000000027
000049988,/Users/antonhesse/Desktop/Anton/Education/UMN/Lab and Research/HSPL/CPET_scoping_review/data/cpet_articles/full_texts/txts/000049988.txt,False,0.030000000000000027
mss.0b013e31805371e7,/Users/antonhesse/Desktop/Anton/Education/UMN/Lab and Research/HSPL/CPET_scoping_review/data/cpet_articles/full_texts/txts/mss.0b013e31805371e7.txt,False,0.030000000000000027
mss.0000000000001474,/Users/antonhesse/Desktop/Anton/Education/UMN/Lab and Research/HSPL/CPET_scoping_review/data/cpet_articles/full_texts/txts/mss.0000000000001474.txt,False,0.030000000000000027
s00421-012-2382-0,/Users/antonhesse/Desktop/Anton/Education/UMN/Lab and Research/HSPL/CPET_scoping_review/data/cpet_articles/full_texts/txts/s00421-012-2382-0.txt,False,0.030000000000000027
japplphysiol.00030.2019,/Users/antonhesse/Desktop/Anton/Education/UMN/Lab and Research/HSPL/CPET_scoping_review/data/cpet_articles/full_texts/txts/japplphysiol.00030.2019.txt,False,0.030000000000000027
j.physbeh.2019.02.012,/Users/antonhesse/Desktop/Anton/Education/UMN/Lab and Research/HSPL/CPET_scoping_review/data/cpet_articles/full_texts/txts/j.physbeh.2019.02.012.txt,False,0.030000000000000027
pes.14.4.391,/Users/antonhesse/Desktop/Anton/Education/UMN/Lab and Research/HSPL/CPET_scoping_review/data/cpet_articles/full_texts/txts/pes.14.4.391.txt,False,0.020000000000000018
bjsm.2008.055889,/Users/antonhesse/Desktop/Anton/Education/UMN/Lab and Research/HSPL/CPET_scoping_review/data/cpet_articles/full_texts/txts/bjsm.2008.055889.txt,False,0.020000000000000018
j.jshs.2012.12.001,/Users/antonhesse/Desktop/Anton/Education/UMN/Lab and Research/HSPL/CPET_scoping_review/data/cpet_articles/full_texts/txts/j.jshs.2012.12.001.txt,False,0.020000000000000018
ajcn.116.133520,/Users/antonhesse/Desktop/Anton/Education/UMN/Lab and Research/HSPL/CPET_scoping_review/data/cpet_articles/full_texts/txts/ajcn.116.133520.txt,False,0.020000000000000018
17461391.2012.730062,/Users/antonhesse/Desktop/Anton/Education/UMN/Lab and Research/HSPL/CPET_scoping_review/data/cpet_articles/full_texts/txts/17461391.2012.730062.txt,False,0.020000000000000018
j.1469-8986.2009.00826.x,/Users/antonhesse/Desktop/Anton/Education/UMN/Lab and Research/HSPL/CPET_scoping_review/data/cpet_articles/full_texts/txts/j.1469-8986.2009.00826.x.txt,False,0.020000000000000018
sms.12517,/Users/antonhesse/Desktop/Anton/Education/UMN/Lab and Research/HSPL/CPET_scoping_review/data/cpet_articles/full_texts/txts/sms.12517.txt,False,0.020000000000000018
jsc.0b013e3181c4d358,/Users/antonhesse/Desktop/Anton/Education/UMN/Lab and Research/HSPL/CPET_scoping_review/data/cpet_articles/full_texts/txts/jsc.0b013e3181c4d358.txt,False,0.020000000000000018
ijspp.2019-0168,/Users/antonhesse/Desktop/Anton/Education/UMN/Lab and Research/HSPL/CPET_scoping_review/data/cpet_articles/full_texts/txts/ijspp.2019-0168.txt,False,0.020000000000000018
ijerph19031317,/Users/antonhesse/Desktop/Anton/Education/UMN/Lab and Research/HSPL/CPET_scoping_review/data/cpet_articles/full_texts/txts/ijerph19031317.txt,False,0.020000000000000018
apnm-2016-0362,/Users/antonhesse/Desktop/Anton/Education/UMN/Lab and Research/HSPL/CPET_scoping_review/data/cpet_articles/full_texts/txts/apnm-2016-0362.txt,False,0.020000000000000018
jsc.0000000000003447,/Users/antonhesse/Desktop/Anton/Education/UMN/Lab and Research/HSPL/CPET_scoping_review/data/cpet_articles/full_texts/txts/jsc.0000000000003447.txt,False,0.020000000000000018
2047487316643446,/Users/antonhesse/Desktop/Anton/Education/UMN/Lab and Research/HSPL/CPET_scoping_review/data/cpet_articles/full_texts/txts/2047487316643446.txt,False,0.020000000000000018
fendo.2020.512365,/Users/antonhesse/Desktop/Anton/Education/UMN/Lab and Research/HSPL/CPET_scoping_review/data/cpet_articles/full_texts/txts/fendo.2020.512365.txt,False,0.020000000000000018
bf00640636,/Users/antonhesse/Desktop/Anton/Education/UMN/Lab and Research/HSPL/CPET_scoping_review/data/cpet_articles/full_texts/txts/bf00640636.txt,False,0.020000000000000018
apnm-2015-0646,/Users/antonhesse/Desktop/Anton/Education/UMN/Lab and Research/HSPL/CPET_scoping_review/data/cpet_articles/full_texts/txts/apnm-2015-0646.txt,False,0.020000000000000018
s-2007-972912,/Users/antonhesse/Desktop/Anton/Education/UMN/Lab and Research/HSPL/CPET_scoping_review/data/cpet_articles/full_texts/txts/s-2007-972912.txt,False,0.020000000000000018
j.jsams.2020.06.004,/Users/antonhesse/Desktop/Anton/Education/UMN/Lab and Research/HSPL/CPET_scoping_review/data/cpet_articles/full_texts/txts/j.jsams.2020.06.004.txt,False,0.020000000000000018
pes.20.1.62,/Users/antonhesse/Desktop/Anton/Education/UMN/Lab and Research/HSPL/CPET_scoping_review/data/cpet_articles/full_texts/txts/pes.20.1.62.txt,False,0.020000000000000018
mss.0b013e3182366f6c,/Users/antonhesse/Desktop/Anton/Education/UMN/Lab and Research/HSPL/CPET_scoping_review/data/cpet_articles/full_texts/txts/mss.0b013e3182366f6c.txt,False,0.020000000000000018
a-1073-8016,/Users/antonhesse/Desktop/Anton/Education/UMN/Lab and Research/HSPL/CPET_scoping_review/data/cpet_articles/full_texts/txts/a-1073-8016.txt,False,0.010000000000000009
s00421-019-04167-w,/Users/antonhesse/Desktop/Anton/Education/UMN/Lab and Research/HSPL/CPET_scoping_review/data/cpet_articles/full_texts/txts/s00421-019-04167-w.txt,False,0.010000000000000009
acn3.50863,/Users/antonhesse/Desktop/Anton/Education/UMN/Lab and Research/HSPL/CPET_scoping_review/data/cpet_articles/full_texts/txts/acn3.50863.txt,False,0.010000000000000009
01.mss.0000185040.54761.08,/Users/antonhesse/Desktop/Anton/Education/UMN/Lab and Research/HSPL/CPET_scoping_review/data/cpet_articles/full_texts/txts/01.mss.0000185040.54761.08.txt,False,0.010000000000000009
jsc.0000000000002152,/Users/antonhesse/Desktop/Anton/Education/UMN/Lab and Research/HSPL/CPET_scoping_review/data/cpet_articles/full_texts/txts/jsc.0000000000002152.txt,False,0.010000000000000009
mat.0b013e3182816cb7,/Users/antonhesse/Desktop/Anton/Education/UMN/Lab and Research/HSPL/CPET_scoping_review/data/cpet_articles/full_texts/txts/mat.0b013e3182816cb7.txt,False,0.010000000000000009
s-2007-1021196,/Users/antonhesse/Desktop/Anton/Education/UMN/Lab and Research/HSPL/CPET_scoping_review/data/cpet_articles/full_texts/txts/s-2007-1021196.txt,False,0.010000000000000009
s00424-005-1516-1,/Users/antonhesse/Desktop/Anton/Education/UMN/Lab and Research/HSPL/CPET_scoping_review/data/cpet_articles/full_texts/txts/s00424-005-1516-1.txt,False,0.010000000000000009
mss.0b013e3181d612e8,/Users/antonhesse/Desktop/Anton/Education/UMN/Lab and Research/HSPL/CPET_scoping_review/data/cpet_articles/full_texts/txts/mss.0b013e3181d612e8.txt,False,0.010000000000000009
s1807-59322007000400004,/Users/antonhesse/Desktop/Anton/Education/UMN/Lab and Research/HSPL/CPET_scoping_review/data/cpet_articles/full_texts/txts/s1807-59322007000400004.txt,False,0.010000000000000009
a-0877-6981,/Users/antonhesse/Desktop/Anton/Education/UMN/Lab and Research/HSPL/CPET_scoping_review/data/cpet_articles/full_texts/txts/a-0877-6981.txt,False,0.010000000000000009
j.jaccao.2021.08.010,/Users/antonhesse/Desktop/Anton/Education/UMN/Lab and Research/HSPL/CPET_scoping_review/data/cpet_articles/full_texts/txts/j.jaccao.2021.08.010.txt,False,0.010000000000000009
japplphysiol.01028.2004,/Users/antonhesse/Desktop/Anton/Education/UMN/Lab and Research/HSPL/CPET_scoping_review/data/cpet_articles/full_texts/txts/japplphysiol.01028.2004.txt,False,0.010000000000000009
00005768-200101000-00024,/Users/antonhesse/Desktop/Anton/Education/UMN/Lab and Research/HSPL/CPET_scoping_review/data/cpet_articles/full_texts/txts/00005768-200101000-00024.txt,False,0.010000000000000009
s00421-005-1352-1,/Users/antonhesse/Desktop/Anton/Education/UMN/Lab and Research/HSPL/CPET_scoping_review/data/cpet_articles/full_texts/txts/s00421-005-1352-1.txt,False,0.010000000000000009
h04-016,/Users/antonhesse/Desktop/Anton/Education/UMN/Lab and Research/HSPL/CPET_scoping_review/data/cpet_articles/full_texts/txts/h04-016.txt,False,0.010000000000000009
art.21175,/Users/antonhesse/Desktop/Anton/Education/UMN/Lab and Research/HSPL/CPET_scoping_review/data/cpet_articles/full_texts/txts/art.21175.txt,False,0.010000000000000009
s40798-019-0195-y,/Users/antonhesse/Desktop/Anton/Education/UMN/Lab and Research/HSPL/CPET_scoping_review/data/cpet_articles/full_texts/txts/s40798-019-0195-y.txt,False,0.010000000000000009
j.freeradbiomed.2021.07.020,/Users/antonhesse/Desktop/Anton/Education/UMN/Lab and Research/HSPL/CPET_scoping_review/data/cpet_articles/full_texts/txts/j.freeradbiomed.2021.07.020.txt,False,0.010000000000000009
j.jsams.2018.05.011,/Users/antonhesse/Desktop/Anton/Education/UMN/Lab and Research/HSPL/CPET_scoping_review/data/cpet_articles/full_texts/txts/j.jsams.2018.05.011.txt,False,0.010000000000000009
